"Method Name","Cyclomatic Complexity","Number Of Arguments","Variable Declarations","Variable References","Max depth of nesting","Halstead Length","Halstead Vocabulary","Halstead Volume","Halstead Difficulty","Halstead Effort","Halstead Bugs","Total depth of nesting","Number Of Casts","Number of loops","Number Of Operators","Number Of Operands","Class References","External Methods","Local Methods","Exceptions Referenced","Exceptions Thrown","Modifiers","Lines Of Code"
"com/mozilla/hadoop/Backup$BackupMapper$ReportStats.values:()[Lcom/mozilla/hadoop/Backup$BackupMapper$ReportStats;","1","0","0","0","0","7","7","19.651484454403228","2.0","39.302968908806456","0.00655049481813441","0","1","0","4","3","","","clone","","","public static","1"
"com/mozilla/hadoop/Backup$BackupMapper$ReportStats.valueOf:(Ljava/lang/String;)Lcom/mozilla/hadoop/Backup$BackupMapper$ReportStats;","1","1","1","1","0","8","8","24.0","2.0","48.0","0.008","0","1","0","4","4","String","","valueOf","","","public static","1"
"com/mozilla/hadoop/Backup$BackupMapper$ReportStats.<init>:(Ljava/lang/String;I)V","1","2","0","0","0","9","8","27.0","2.0","54.0","0.009","0","0","0","5","4","","","<init>","","","private","1"
"com/mozilla/hadoop/Backup$BackupMapper$ReportStats.<clinit>:()V","1","0","0","0","0","107","34","544.3585240137863","14.0","7621.019336193009","0.18145284133792877","0","8","0","67","40","","<init>","","","","static","1"
"com/mozilla/hadoop/Backup$BackupMapper.<init>:()V","1","0","0","0","0","5","5","11.60964047443681","1.0","11.60964047443681","0.0038698801581456034","0","0","0","3","2","","","<init>","","","public","1"
"com/mozilla/hadoop/Backup$BackupMapper.setup:(Lorg/apache/hadoop/mapreduce/Mapper$Context;)V","2","1","4","4","0","142","41","760.772384655768","14.0","10650.81338518075","0.253590794885256","0","6","0","73","69","String IOException Configuration Mapper$Context","","getConfiguration compile get toUri endsWith toString <init> append","","RuntimeException","public","14"
"com/mozilla/hadoop/Backup$BackupMapper.cleanup:(Lorg/apache/hadoop/mapreduce/Mapper$Context;)V","1","1","1","1","0","7","7","19.651484454403228","2.0","39.302968908806456","0.00655049481813441","0","0","0","4","3","Mapper$Context","","access$000","","","public","2"
"com/mozilla/hadoop/Backup$BackupMapper.copyFile:(Lorg/apache/hadoop/fs/Path;Lorg/apache/hadoop/mapreduce/Mapper$Context;)V","5","2","16","12","1","423","110","2868.515158820931","38.0","109003.57603519538","0.956171719606977","1","6","1","235","188","String FSDataOutputStream FSDataInputStream Path byte[] Exception Matcher Object[] FileNotFoundException Mapper$Context","","increment error find getLen get getFileStatus create humanReadableInt write group info getParent getCounter read access$100 access$000 format matcher <init> setStatus groupCount mkdirs exists progress toString append open","InterruptedException IOException","RuntimeException","private","53"
"com/mozilla/hadoop/Backup$BackupMapper.map:(Lorg/apache/hadoop/io/LongWritable;Lorg/apache/hadoop/io/Text;Lorg/apache/hadoop/mapreduce/Mapper$Context;)V","3","3","7","7","0","96","45","527.2178972476488","9.0","4744.961075228839","0.1757392990825496","0","3","1","53","43","Text Path LongWritable List Exception Mapper$Context","copyFile","next getCounter access$100 increment hasNext <init> error getAllPaths iterator size get toString write","InterruptedException IOException","","public","14"
"com/mozilla/hadoop/Backup$BackupMapper.map:(Ljava/lang/Object;Ljava/lang/Object;Lorg/apache/hadoop/mapreduce/Mapper$Context;)V","1","3","0","0","0","15","11","51.89147427955947","2.0","103.78294855911894","0.01729715809318649","0","2","0","8","7","","map","","IOException InterruptedException","","public volatile","1"
"com/mozilla/hadoop/Backup.<init>:()V","1","0","0","0","0","5","5","11.60964047443681","1.0","11.60964047443681","0.0038698801581456034","0","0","0","3","2","","","<init>","","","public","1"
"com/mozilla/hadoop/Backup.checkAndClose:(Ljava/io/Closeable;)V","2","1","2","2","0","18","14","68.53238859703687","4.0","274.1295543881475","0.022844129532345624","0","0","0","10","8","IOException Closeable","","error close","","","private static","6"
"com/mozilla/hadoop/Backup.loadPaths:(Lorg/apache/hadoop/fs/FileSystem;Lorg/apache/hadoop/fs/Path;)Ljava/util/List;","1","2","6","6","0","96","41","514.324992443336","7.0","3600.274947103352","0.17144166414777867","0","5","1","55","41","String FileSystem Path IOException List BufferedReader","checkAndClose","add toString <init> readLine error open append","IOException","","public static","14"
"com/mozilla/hadoop/Backup.getPaths:(Lorg/apache/hadoop/fs/FileSystem;Lorg/apache/hadoop/fs/Path;II)Ljava/util/List;","5","4","6","4","0","85","40","452.36388806542584","22.0","9952.005537439369","0.15078796268847527","0","1","1","50","35","FileSystem Path List FileStatus","getPaths","add addAll getPath listStatus <init> isDir","IOException","","public static","7"
"com/mozilla/hadoop/Backup.getAllPaths:(Lorg/apache/hadoop/fs/FileSystem;Lorg/apache/hadoop/fs/Path;)Ljava/util/List;","1","2","2","2","0","9","8","27.0","2.0","54.0","0.009","0","0","0","6","3","FileSystem Path","getPaths","","IOException","","public static","1"
"com/mozilla/hadoop/Backup.createInputSources:(Ljava/util/List;Lorg/apache/hadoop/fs/FileSystem;)[Lorg/apache/hadoop/fs/Path;","6","2","11","8","0","228","67","1383.068335424372","26.0","35959.776721033675","0.4610227784747907","0","11","4","126","102","FileSystem Path Path[] List BufferedWriter","checkAndClose","add next getInt iterator newLine get create toString hasNext <init> write append","IOException","","public","25"
"com/mozilla/hadoop/Backup.initJob:([Ljava/lang/String;)Lorg/apache/hadoop/mapreduce/Job;","5","1","12","10","0","312","84","1994.403035906973","24.0","47865.67286176735","0.664801011968991","0","6","2","170","142","Job String FileSystem Path Path[] String[]","getConf createInputSources checkAndClose getPaths loadPaths","setJobName set toUri setOutputValueClass addInputPath setNumReduceTasks <init> setMapperClass setJarByClass println equals get setOutputKeyClass toString setInputFormatClass setOutputPath append setBoolean","IOException ParseException","","public","43"
"com/mozilla/hadoop/Backup.printUsage:()I","1","0","0","0","0","15","9","47.548875021634686","2.0","95.09775004326937","0.01584962500721156","0","0","0","8","7","","","println printGenericCommandUsage","","","private static","4"
"com/mozilla/hadoop/Backup.run:([Ljava/lang/String;)I","1","1","4","3","0","73","38","383.0987084813817","10.0","3830.987084813817","0.1276995694937939","0","1","0","44","29","Job FileSystem String[]","checkAndClose printUsage initJob","getConfiguration isSuccessful get waitForCompletion <init> delete","Exception","","public","14"
"com/mozilla/hadoop/Backup.getConf:()Lorg/apache/hadoop/conf/Configuration;","1","0","0","0","0","5","5","11.60964047443681","1.0","11.60964047443681","0.0038698801581456034","0","0","0","3","2","","","","","","public","1"
"com/mozilla/hadoop/Backup.setConf:(Lorg/apache/hadoop/conf/Configuration;)V","1","1","1","1","0","7","6","18.094737505048094","1.0","18.094737505048094","0.006031579168349364","0","0","0","4","3","Configuration","","","","","public","2"
"com/mozilla/hadoop/Backup.main:([Ljava/lang/String;)V","1","1","2","1","0","21","16","84.0","4.0","336.0","0.028","0","2","0","12","9","String[]","<init>","exit run <init>","Exception","","public static","3"
"com/mozilla/hadoop/Backup.access$000:(Ljava/io/Closeable;)V","1","1","1","1","0","5","5","11.60964047443681","1.0","11.60964047443681","0.0038698801581456034","0","0","0","3","2","Closeable","checkAndClose","","","","static","1"
"com/mozilla/hadoop/Backup.access$100:()Lorg/apache/log4j/Logger;","1","0","0","0","0","3","3","4.754887502163469","1.0","4.754887502163469","0.0015849625007211565","0","0","0","2","1","","","","","","static","1"
"com/mozilla/hadoop/Backup.<clinit>:()V","1","0","0","0","0","6","6","15.509775004326936","1.0","15.509775004326936","0.005169925001442312","0","0","0","3","3","","","getLogger","","","static","1"
"com/mozilla/hadoop/ClusterHealth.<init>:()V","1","0","0","0","0","5","5","11.60964047443681","1.0","11.60964047443681","0.0038698801581456034","0","0","0","3","2","","","<init>","","","public","1"
"com/mozilla/hadoop/ClusterHealth.testThrift:(Ljava/lang/String;)Z","5","1","7","6","0","183","49","1027.491901473083","22.0","22604.821832407826","0.3424973004910277","0","7","0","111","72","Hbase$Client IOError TException String TTransport TTransportException","","println getColumnDescriptors format getMessage <init> wrap close open","","TException TTransportException ","private static","25"
"com/mozilla/hadoop/ClusterHealth.main:([Ljava/lang/String;)V","14","1","31","20","1","665","122","4608.940329479319","63.0","290363.2407571971","1.5363134431597731","3","11","5","381","284","ClusterStatus String ServerName DatanodeInfo[] DFSClient IOException HServerLoad String[] MasterNotRunningException Configuration DatanodeInfo HBaseAdmin","testThrift","next getClusterStatus getServers println iterator getHostname getDeadServers get getDeadServerNames getNonDfsUsed getRequestsCount create close getRegionsCount getLoad getDfsUsed getHostName printStackTrace datanodeReport getNumberOfRegions valueOf getMaxHeapMB format hasNext <init> getXceiverCount getNumberOfRequests exit toString getUsedHeapMB append getCapacity","","IOException","public static","84"
"com/mozilla/hadoop/ClusterHealth.<clinit>:()V","1","0","0","0","0","6","6","15.509775004326936","1.0","15.509775004326936","0.005169925001442312","0","0","0","3","3","","","toBytes","","","static","1"
"com/mozilla/hadoop/fs/SequenceFileDirectoryReader.<init>:(Lorg/apache/hadoop/fs/Path;)V","4","1","3","3","0","109","47","605.4501848328625","10.0","6054.501848328626","0.20181672827762084","0","2","1","59","50","Path FileStatus","","add iterator getName toUri get getPath listStatus <init> isDir startsWith","IOException","","public","11"
"com/mozilla/hadoop/fs/SequenceFileDirectoryReader.nextReader:()Z","2","0","0","0","0","55","26","258.5241844977601","14.0","3619.3385829686413","0.08617472816592002","0","2","0","31","24","","","next hasNext <init> close","IOException","","private","7"
"com/mozilla/hadoop/fs/SequenceFileDirectoryReader.close:()V","3","0","2","2","0","43","18","179.30677506201943","8.0","1434.4542004961554","0.059768925020673144","0","0","0","23","20","IOException","","error close","","","public","11"
"com/mozilla/hadoop/fs/SequenceFileDirectoryReader.next:(Lorg/apache/hadoop/io/Writable;Lorg/apache/hadoop/io/Writable;)Z","4","2","3","2","0","51","18","212.66617507355792","15.0","3189.992626103369","0.0708887250245193","0","0","0","29","22","Writable","nextReader","next","IOException","","public","9"
"com/mozilla/hadoop/fs/SequenceFileDirectoryReader.<clinit>:()V","1","0","0","0","0","6","6","15.509775004326936","1.0","15.509775004326936","0.005169925001442312","0","0","0","3","3","","","getLogger","","","static","1"
"com/mozilla/hadoop/fs/TextFileDirectoryReader.<init>:(Lorg/apache/hadoop/fs/Path;)V","4","1","3","3","0","109","47","605.4501848328625","10.0","6054.501848328626","0.20181672827762084","0","2","1","59","50","Path FileStatus","","add iterator getName toUri get getPath listStatus <init> isDir startsWith","IOException","","public","11"
"com/mozilla/hadoop/fs/TextFileDirectoryReader.nextReader:()Z","2","0","0","0","0","58","28","278.826585479341","7.0","1951.7860983553871","0.09294219515978033","0","3","0","33","25","","","next hasNext <init> close open","IOException","","private","7"
"com/mozilla/hadoop/fs/TextFileDirectoryReader.close:()V","3","0","2","2","0","43","18","179.30677506201943","8.0","1434.4542004961554","0.059768925020673144","0","0","0","23","20","IOException","","error close","","","public","11"
"com/mozilla/hadoop/fs/TextFileDirectoryReader.next:()Ljava/lang/String;","4","0","2","1","0","43","18","179.30677506201943","18.0","3227.5219511163496","0.059768925020673144","0","0","0","25","18","String","nextReader","readLine","IOException","","public","9"
"com/mozilla/hadoop/fs/TextFileDirectoryReader.main:([Ljava/lang/String;)V","4","1","5","5","0","79","30","387.64435705307295","14.0","5427.020998743022","0.12921478568435765","0","2","1","47","32","String TextFileDirectoryReader IOException String[]","next <init> close","println <init> error","","","public static","15"
"com/mozilla/hadoop/fs/TextFileDirectoryReader.<clinit>:()V","1","0","0","0","0","6","6","15.509775004326936","1.0","15.509775004326936","0.005169925001442312","0","0","0","3","3","","","getLogger","","","static","1"
"com/mozilla/hadoop/hbase/mapreduce/MultiScanTableInputFormat$TableRecordReader.<init>:(Lcom/mozilla/hadoop/hbase/mapreduce/MultiScanTableInputFormat;)V","1","1","1","1","0","41","15","160.18251441994926","2.0","320.3650288398985","0.05339417147331642","0","0","0","24","17","MultiScanTableInputFormat","","<init>","","","protected","7"
"com/mozilla/hadoop/hbase/mapreduce/MultiScanTableInputFormat$TableRecordReader.restart:([B)V","1","1","2","2","0","31","20","133.97977094150824","5.0","669.8988547075412","0.04465992364716941","0","1","0","17","14","Scan byte[]","","setStartRow <init> getScanner","IOException","","public","4"
"com/mozilla/hadoop/hbase/mapreduce/MultiScanTableInputFormat$TableRecordReader.init:()V","1","0","0","0","0","11","8","33.0","2.0","66.0","0.011","0","0","0","6","5","","restart","getStartRow","IOException","","public","2"
"com/mozilla/hadoop/hbase/mapreduce/MultiScanTableInputFormat$TableRecordReader.setHTable:(Lorg/apache/hadoop/hbase/client/HTable;)V","1","1","1","1","0","7","6","18.094737505048094","1.0","18.094737505048094","0.006031579168349364","0","0","0","4","3","HTable","","","","","public","2"
"com/mozilla/hadoop/hbase/mapreduce/MultiScanTableInputFormat$TableRecordReader.setScan:(Lorg/apache/hadoop/hbase/client/Scan;)V","1","1","1","1","0","7","6","18.094737505048094","1.0","18.094737505048094","0.006031579168349364","0","0","0","4","3","Scan","","","","","public","2"
"com/mozilla/hadoop/hbase/mapreduce/MultiScanTableInputFormat$TableRecordReader.close:()V","1","0","0","0","0","7","7","19.651484454403228","2.0","39.302968908806456","0.00655049481813441","0","0","0","4","3","","","close","","","public","2"
"com/mozilla/hadoop/hbase/mapreduce/MultiScanTableInputFormat$TableRecordReader.getCurrentKey:()Lorg/apache/hadoop/hbase/io/ImmutableBytesWritable;","1","0","0","0","0","5","5","11.60964047443681","1.0","11.60964047443681","0.0038698801581456034","0","0","0","3","2","","","","IOException InterruptedException","","public","1"
"com/mozilla/hadoop/hbase/mapreduce/MultiScanTableInputFormat$TableRecordReader.getCurrentValue:()Lorg/apache/hadoop/hbase/client/Result;","1","0","0","0","0","5","5","11.60964047443681","1.0","11.60964047443681","0.0038698801581456034","0","0","0","3","2","","","","IOException InterruptedException","","public","1"
"com/mozilla/hadoop/hbase/mapreduce/MultiScanTableInputFormat$TableRecordReader.initialize:(Lorg/apache/hadoop/mapreduce/InputSplit;Lorg/apache/hadoop/mapreduce/TaskAttemptContext;)V","1","2","2","2","0","2","2","2.0","0.0","0.0","6.666666666666666E-4","0","0","0","1","1","InputSplit TaskAttemptContext","","","IOException InterruptedException","","public","1"
"com/mozilla/hadoop/hbase/mapreduce/MultiScanTableInputFormat$TableRecordReader.nextKeyValue:()Z","4","0","1","1","0","128","43","694.5618886018685","18.0","12502.113994833633","0.2315206295339562","0","3","0","70","58","IOException","restart","next debug set size access$000 get stringifyException toString <init> getRow append","IOException InterruptedException","","public","16"
"com/mozilla/hadoop/hbase/mapreduce/MultiScanTableInputFormat$TableRecordReader.getProgress:()F","1","0","0","0","0","3","3","4.754887502163469","1.0","4.754887502163469","0.0015849625007211565","0","0","0","2","1","","","","","","public","1"
"com/mozilla/hadoop/hbase/mapreduce/MultiScanTableInputFormat$TableRecordReader.getCurrentValue:()Ljava/lang/Object;","1","0","0","0","0","5","5","11.60964047443681","1.0","11.60964047443681","0.0038698801581456034","0","0","0","3","2","","getCurrentValue","","IOException InterruptedException","","public volatile","1"
"com/mozilla/hadoop/hbase/mapreduce/MultiScanTableInputFormat$TableRecordReader.getCurrentKey:()Ljava/lang/Object;","1","0","0","0","0","5","5","11.60964047443681","1.0","11.60964047443681","0.0038698801581456034","0","0","0","3","2","","getCurrentKey","","IOException InterruptedException","","public volatile","1"
"com/mozilla/hadoop/hbase/mapreduce/MultiScanTableInputFormat.<init>:()V","1","0","0","0","0","32","15","125.0204990594726","3.0","375.06149717841777","0.04167349968649087","0","0","0","18","14","","","getLog <init>","","","public","6"
"com/mozilla/hadoop/hbase/mapreduce/MultiScanTableInputFormat.createRecordReader:(Lorg/apache/hadoop/mapreduce/InputSplit;Lorg/apache/hadoop/mapreduce/TaskAttemptContext;)Lorg/apache/hadoop/mapreduce/RecordReader;","2","2","4","4","0","106","38","556.28031642502","14.0","7787.924429950281","0.18542677214167336","0","5","0","59","47","Scan TableSplit InputSplit TaskAttemptContext","","setScan init setStartRow getStartRow getEndRow setHTable setStopRow <init>","IOException InterruptedException","IOException","public","14"
"com/mozilla/hadoop/hbase/mapreduce/MultiScanTableInputFormat.getSplits:(Lorg/apache/hadoop/mapreduce/JobContext;)Ljava/util/List;","15","1","11","10","1","286","68","1741.0143725975972","42.0","73122.60364909908","0.5803381241991991","2","16","2","166","120","String Scan Pair byte[] InputSplit JobContext Set","","add getRegionLocation getServerAddress getHostname getFirst getTableName getStartRow getSecond compareTo <init> getStartEndKeys getStopRow","IOException InterruptedException","IOException","public","21"
"com/mozilla/hadoop/hbase/mapreduce/MultiScanTableInputFormat.getConf:()Lorg/apache/hadoop/conf/Configuration;","1","0","0","0","0","5","5","11.60964047443681","1.0","11.60964047443681","0.0038698801581456034","0","0","0","3","2","","","","","","public","1"
"com/mozilla/hadoop/hbase/mapreduce/MultiScanTableInputFormat.setConf:(Lorg/apache/hadoop/conf/Configuration;)V","2","1","5","5","0","92","39","486.2570041353269","18.0","8752.626074435884","0.16208566804510896","0","3","0","50","42","String Scan[] IOException Exception Configuration","setHTable setScans","get create stringifyException convertStringToScanArray <init> error","","","public","16"
"com/mozilla/hadoop/hbase/mapreduce/MultiScanTableInputFormat.getHTable:()Lorg/apache/hadoop/hbase/client/HTable;","1","0","0","0","0","5","5","11.60964047443681","1.0","11.60964047443681","0.0038698801581456034","0","0","0","3","2","","","","","","protected","1"
"com/mozilla/hadoop/hbase/mapreduce/MultiScanTableInputFormat.setHTable:(Lorg/apache/hadoop/hbase/client/HTable;)V","1","1","1","1","0","7","6","18.094737505048094","1.0","18.094737505048094","0.006031579168349364","0","0","0","4","3","HTable","","","","","protected","2"
"com/mozilla/hadoop/hbase/mapreduce/MultiScanTableInputFormat.getScans:()[Lorg/apache/hadoop/hbase/client/Scan;","1","0","0","0","0","5","5","11.60964047443681","1.0","11.60964047443681","0.0038698801581456034","0","0","0","3","2","","","","","","public","1"
"com/mozilla/hadoop/hbase/mapreduce/MultiScanTableInputFormat.setScans:([Lorg/apache/hadoop/hbase/client/Scan;)V","1","1","1","1","0","7","6","18.094737505048094","1.0","18.094737505048094","0.006031579168349364","0","0","0","4","3","Scan[]","","","","","public","2"
"com/mozilla/hadoop/hbase/mapreduce/MultiScanTableInputFormat.access$000:(Lcom/mozilla/hadoop/hbase/mapreduce/MultiScanTableInputFormat;)Lorg/apache/commons/logging/Log;","1","1","1","1","0","5","5","11.60964047443681","1.0","11.60964047443681","0.0038698801581456034","0","0","0","3","2","MultiScanTableInputFormat","","","","","static","1"
"com/mozilla/hadoop/hbase/mapreduce/MultiScanTableMapReduceUtil.<init>:()V","1","0","0","0","0","5","5","11.60964047443681","1.0","11.60964047443681","0.0038698801581456034","0","0","0","3","2","","","<init>","","","public","1"
"com/mozilla/hadoop/hbase/mapreduce/MultiScanTableMapReduceUtil.initMultiScanTableMapperJob:(Ljava/lang/String;[Lorg/apache/hadoop/hbase/client/Scan;Ljava/lang/Class;Ljava/lang/Class;Ljava/lang/Class;Lorg/apache/hadoop/mapreduce/Job;)V","4","6","6","6","0","53","21","232.7928234072743","2.0","465.5856468145486","0.07759760780242476","0","0","0","27","26","Job String Scan[] Class","convertScanArrayToString","setMapperClass getConfiguration set setMapOutputValueClass setMapOutputKeyClass setInputFormatClass","IOException","","public static","10"
"com/mozilla/hadoop/hbase/mapreduce/MultiScanTableMapReduceUtil.convertStringToScanArray:(Ljava/lang/String;)[Lorg/apache/hadoop/hbase/client/Scan;","2","1","6","5","0","71","36","367.0646751024042","9.0","3303.5820759216376","0.1223548917008014","0","5","1","40","31","String Writable[] Scan[] DataInputStream ArrayWritable","","readFields get decode <init>","IOException","","public static","9"
"com/mozilla/hadoop/hbase/mapreduce/MultiScanTableMapReduceUtil.convertScanArrayToString:([Lorg/apache/hadoop/hbase/client/Scan;)Ljava/lang/String;","1","1","4","4","0","39","22","173.9178331268546","4.0","695.6713325074184","0.05797261104228486","0","3","0","21","18","DataOutputStream Scan[] ArrayWritable ByteArrayOutputStream","","encodeBytes toByteArray <init> write","IOException","","public static","5"
"com/mozilla/hadoop/hbase/mapreduce/MultiScanTableMapReduceUtil.generateScans:(Ljava/util/Calendar;Ljava/util/Calendar;Ljava/util/List;IZ)[Lorg/apache/hadoop/hbase/client/Scan;","1","5","5","3","0","14","11","48.43204266092217","2.0","96.86408532184434","0.016144014220307392","0","0","0","7","7","List Calendar","generateHexPrefixScans","","","","public static","1"
"com/mozilla/hadoop/hbase/mapreduce/MultiScanTableMapReduceUtil.generateHexPrefixScans:(Ljava/util/Calendar;Ljava/util/Calendar;Ljava/lang/String;Ljava/util/List;IZ)[Lorg/apache/hadoop/hbase/client/Scan;","6","6","15","9","0","314","91","2043.4475170223907","30.0","61303.42551067172","0.6811491723407969","0","16","4","179","135","String Scan List SimpleDateFormat String[] Calendar Pair ArrayList","","next getTime setCaching getBytes iterator setStartRow getFirst toArray setStopRow add addColumn debug toHexString valueOf toBytes getTimeInMillis format setCacheBlocks hasNext <init> getEndTimeAtResolution parseInt size getSecond toString isDebugEnabled append","","","public static","25"
"com/mozilla/hadoop/hbase/mapreduce/MultiScanTableMapReduceUtil.generateBytePrefixScans:(Ljava/util/Calendar;Ljava/util/Calendar;Ljava/lang/String;Ljava/util/List;IZ)[Lorg/apache/hadoop/hbase/client/Scan;","1","6","6","4","0","16","12","57.359400011538504","2.0","114.71880002307701","0.01911980000384617","0","0","0","9","7","String List Calendar","generateBytePrefixScans","","","","public static","1"
"com/mozilla/hadoop/hbase/mapreduce/MultiScanTableMapReduceUtil.generateBytePrefixScans:(Ljava/util/Calendar;Ljava/util/Calendar;Ljava/lang/String;Ljava/util/List;IZI)[Lorg/apache/hadoop/hbase/client/Scan;","6","7","15","9","0","279","96","1837.2045377012025","16.0","29395.27260321924","0.6124015125670675","0","13","3","159","120","String Scan List SimpleDateFormat byte[] Calendar Pair ArrayList","","next getTime setBatch setCaching getBytes iterator setStartRow getFirst toArray setStopRow info add addColumn valueOf toBytes getTimeInMillis format setCacheBlocks hasNext <init> getEndTimeAtResolution parseInt size getSecond toString isDebugEnabled append","","","public static","24"
"com/mozilla/hadoop/hbase/mapreduce/MultiScanTableMapReduceUtil.<clinit>:()V","1","0","0","0","0","6","6","15.509775004326936","1.0","15.509775004326936","0.005169925001442312","0","0","0","3","3","","","getLog","","","static","1"
"com/mozilla/hadoop/mapreduce/lib/UniqueIdentityReducer.<init>:()V","1","0","0","0","0","5","5","11.60964047443681","1.0","11.60964047443681","0.0038698801581456034","0","0","0","3","2","","","<init>","","","public","1"
"com/mozilla/hadoop/mapreduce/lib/UniqueIdentityReducer.reduce:(Ljava/lang/Object;Ljava/lang/Iterable;Lorg/apache/hadoop/mapreduce/Reducer$Context;)V","2","3","4","4","0","22","14","83.76180828526728","3.0","251.28542485580184","0.02792060276175576","0","0","0","12","10","Reducer$Context Object Iterable Iterator","","next iterator hasNext write","IOException InterruptedException","","public","4"
"com/mozilla/hadoop/UnknownPathFinder.<init>:()V","1","0","0","0","0","5","5","11.60964047443681","1.0","11.60964047443681","0.0038698801581456034","0","0","0","3","2","","","<init>","","","public","1"
"com/mozilla/hadoop/UnknownPathFinder.getRegionPaths:(Lorg/apache/hadoop/fs/Path;[B)Ljava/util/Set;","5","2","14","13","0","189","63","1129.7059055414843","9.0","10167.35314987336","0.37656863518049477","0","5","1","103","86","HRegionInfo Result Scan Path IOException byte[] ResultScanner HTable HTableDescriptor Set","","next add getName getEncodedName <init> error getTableDir getValue getHRegionInfo getTableDesc toString getScanner close append info","IOException","","public static","34"
"com/mozilla/hadoop/UnknownPathFinder.getAllPaths:(Lorg/apache/hadoop/fs/FileSystem;Lorg/apache/hadoop/fs/Path;II)Ljava/util/Set;","10","4","7","5","0","123","48","686.9503875887023","22.0","15112.908526951449","0.22898346252956742","0","1","1","68","55","String FileSystem Path FileStatus Set","getAllPaths","add contains addAll getPath listStatus toString <init> isDir","IOException","","public static","11"
"com/mozilla/hadoop/UnknownPathFinder.getFilesystemPaths:(Lorg/apache/hadoop/conf/Configuration;Lorg/apache/hadoop/fs/Path;)Ljava/util/Set;","2","2","4","4","0","65","32","325.0","8.0","2600.0","0.10833333333333334","0","1","0","37","28","FileSystem Path Configuration Set","getAllPaths","size get toString <init> close append info","IOException","","public static","10"
"com/mozilla/hadoop/UnknownPathFinder.deleteFilesystemPaths:(Lorg/apache/hadoop/conf/Configuration;Ljava/util/Collection;)Z","4","2","6","5","0","112","46","618.6389390783854","10.0","6186.389390783854","0.20621297969279515","0","4","1","63","49","String FileSystem Path Collection Configuration","","next iterator get hasNext toString <init> delete close append info","IOException","","public static","16"
"com/mozilla/hadoop/UnknownPathFinder.main:([Ljava/lang/String;)V","2","1","7","6","0","78","42","420.60075897674335","8.0","3364.806071813947","0.14020025299224778","0","3","1","42","36","String Path String[] Configuration Set","getFilesystemPaths getRegionPaths","next exit removeAll iterator println get create hasNext <init>","IOException","","public static","11"
"com/mozilla/hadoop/UnknownPathFinder.<clinit>:()V","1","0","0","0","0","6","6","15.509775004326936","1.0","15.509775004326936","0.005169925001442312","0","0","0","3","3","","","getLogger","","","static","1"
"com/mozilla/pig/eval/BloomFilterDistinctCount.<init>:(Ljava/lang/String;Ljava/lang/String;)V","1","2","2","2","0","21","13","77.70923408096293","2.0","155.41846816192586","0.025903078026987644","0","0","0","11","10","String","","parseInt parseDouble <init>","","","public","4"
"com/mozilla/pig/eval/BloomFilterDistinctCount.exec:(Lorg/apache/pig/data/Tuple;)Ljava/lang/Integer;","3","1","6","5","0","105","50","592.6048999263461","11.0","6518.653899189807","0.19753496664211537","0","6","1","59","46","DataBag Tuple BloomFilter Iterator","","next iterator size getType valueOf get stringFunnel create hasNext <init> put mightContain","IOException","RuntimeException","public","14"
"com/mozilla/pig/eval/BloomFilterDistinctCount.exec:(Lorg/apache/pig/data/Tuple;)Ljava/lang/Object;","1","1","0","0","0","7","6","18.094737505048094","1.0","18.094737505048094","0.006031579168349364","0","0","0","4","3","","exec","","IOException","","public volatile","1"
"com/mozilla/pig/eval/Bucket.<init>:([Ljava/lang/String;)V","2","1","3","2","0","70","35","359.0498111861476","20.0","7180.996223722952","0.11968327039538254","0","1","1","40","30","String String[]","","parseInt <init>","","IllegalArgumentException","public","10"
"com/mozilla/pig/eval/Bucket.exec:(Lorg/apache/pig/data/Tuple;)Ljava/lang/Integer;","5","1","4","1","0","76","33","383.37395307124245","22.0","8434.226967567334","0.12779131769041416","0","1","1","47","29","Tuple","","size intValue valueOf get","IOException","","public","9"
"com/mozilla/pig/eval/Bucket.exec:(Lorg/apache/pig/data/Tuple;)Ljava/lang/Object;","1","1","0","0","0","7","6","18.094737505048094","1.0","18.094737505048094","0.006031579168349364","0","0","0","4","3","","exec","","IOException","","public volatile","1"
"com/mozilla/pig/eval/BytesSize.<init>:()V","1","0","0","0","0","5","5","11.60964047443681","1.0","11.60964047443681","0.0038698801581456034","0","0","0","3","2","","","<init>","","","public","1"
"com/mozilla/pig/eval/BytesSize.exec:(Lorg/apache/pig/data/Tuple;)Ljava/lang/Long;","4","1","4","3","0","64","31","317.06856386476005","9.0","2853.6170747828405","0.10568952128825335","0","2","0","41","23","String Tuple DataByteArray","","size getType valueOf get getBytes","IOException","","public","11"
"com/mozilla/pig/eval/BytesSize.exec:(Lorg/apache/pig/data/Tuple;)Ljava/lang/Object;","1","1","0","0","0","7","6","18.094737505048094","1.0","18.094737505048094","0.006031579168349364","0","0","0","4","3","","exec","","IOException","","public volatile","1"
"com/mozilla/pig/eval/Coalesce$Errors.values:()[Lcom/mozilla/pig/eval/Coalesce$Errors;","1","0","0","0","0","7","7","19.651484454403228","2.0","39.302968908806456","0.00655049481813441","0","1","0","4","3","","","clone","","","public static","1"
"com/mozilla/pig/eval/Coalesce$Errors.valueOf:(Ljava/lang/String;)Lcom/mozilla/pig/eval/Coalesce$Errors;","1","1","1","1","0","8","8","24.0","2.0","48.0","0.008","0","1","0","4","4","String","","valueOf","","","public static","1"
"com/mozilla/pig/eval/Coalesce$Errors.<init>:(Ljava/lang/String;I)V","1","2","0","0","0","9","8","27.0","2.0","54.0","0.009","0","0","0","5","4","","","<init>","","","private","1"
"com/mozilla/pig/eval/Coalesce$Errors.<clinit>:()V","1","0","0","0","0","20","15","78.13781191217038","5.0","390.6890595608519","0.026045937304056792","0","2","0","13","7","","<init>","","","","static","1"
"com/mozilla/pig/eval/Coalesce.<init>:()V","1","0","0","0","0","5","5","11.60964047443681","1.0","11.60964047443681","0.0038698801581456034","0","0","0","3","2","","","<init>","","","public","1"
"com/mozilla/pig/eval/Coalesce.exec:(Lorg/apache/pig/data/Tuple;)Ljava/lang/Object;","4","1","3","2","0","42","18","175.1368500605771","18.0","3152.463301090388","0.05837895002019237","0","0","1","26","16","Object Tuple","","size get","IOException","","public","9"
"com/mozilla/pig/eval/Coalesce.outputSchema:(Lorg/apache/pig/impl/logicalLayer/schema/Schema;)Lorg/apache/pig/impl/logicalLayer/schema/Schema;","1","1","3","3","0","37","25","171.8226790216648","7.0","1202.7587531516538","0.057274226340554936","0","1","0","22","15","FrontendException Schema Schema$FieldSchema","","warn getField <init>","","","public","8"
"com/mozilla/pig/eval/ConvertBagToTuple.<init>:()V","1","0","0","0","0","5","5","11.60964047443681","1.0","11.60964047443681","0.0038698801581456034","0","0","0","3","2","","","<init>","","","public","1"
"com/mozilla/pig/eval/ConvertBagToTuple.exec:(Lorg/apache/pig/data/Tuple;)Lorg/apache/pig/data/Tuple;","4","1","6","6","0","74","32","370.0","6.0","2220.0","0.12333333333333334","0","2","2","42","32","Object DataBag Tuple Iterator","","next iterator getAll size newTuple get hasNext append","IOException","","public","12"
"com/mozilla/pig/eval/ConvertBagToTuple.exec:(Lorg/apache/pig/data/Tuple;)Ljava/lang/Object;","1","1","0","0","0","7","6","18.094737505048094","1.0","18.094737505048094","0.006031579168349364","0","0","0","4","3","","exec","","IOException","","public volatile","1"
"com/mozilla/pig/eval/ConvertBagToTuple.<clinit>:()V","1","0","0","0","0","5","5","11.60964047443681","1.0","11.60964047443681","0.0038698801581456034","0","0","0","3","2","","","getInstance","","","static","1"
"com/mozilla/pig/eval/ConvertMapToBag.<init>:()V","1","0","0","0","0","5","5","11.60964047443681","1.0","11.60964047443681","0.0038698801581456034","0","0","0","3","2","","","<init>","","","public","1"
"com/mozilla/pig/eval/ConvertMapToBag.exec:(Lorg/apache/pig/data/Tuple;)Lorg/apache/pig/data/DataBag;","4","1","5","5","0","84","37","437.59408271283183","7.0","3063.1585789898227","0.14586469423761061","0","2","1","48","36","Map$Entry DataBag Tuple Map","","next add newDefaultBag getKey getValue iterator set size entrySet newTuple get hasNext","IOException","","public","12"
"com/mozilla/pig/eval/ConvertMapToBag.exec:(Lorg/apache/pig/data/Tuple;)Ljava/lang/Object;","1","1","0","0","0","7","6","18.094737505048094","1.0","18.094737505048094","0.006031579168349364","0","0","0","4","3","","exec","","IOException","","public volatile","1"
"com/mozilla/pig/eval/ConvertMapToBag.<clinit>:()V","1","0","0","0","0","9","7","25.26619429851844","1.0","25.26619429851844","0.008422064766172813","0","0","0","5","4","","","getInstance","","","static","2"
"com/mozilla/pig/eval/ConvertNull.<init>:(Ljava/lang/String;)V","1","1","1","1","0","11","8","33.0","2.0","66.0","0.011","0","0","0","6","5","String","","<init>","","","public","3"
"com/mozilla/pig/eval/ConvertNull.exec:(Lorg/apache/pig/data/Tuple;)Ljava/lang/String;","3","1","1","1","0","32","16","128.0","10.0","1280.0","0.042666666666666665","0","1","0","20","12","Tuple","","size get","IOException","","public","3"
"com/mozilla/pig/eval/ConvertNull.exec:(Lorg/apache/pig/data/Tuple;)Ljava/lang/Object;","1","1","0","0","0","7","6","18.094737505048094","1.0","18.094737505048094","0.006031579168349364","0","0","0","4","3","","exec","","IOException","","public volatile","1"
"com/mozilla/pig/eval/date/ConvertDateFormat$ERRORS.values:()[Lcom/mozilla/pig/eval/date/ConvertDateFormat$ERRORS;","1","0","0","0","0","7","7","19.651484454403228","2.0","39.302968908806456","0.00655049481813441","0","1","0","4","3","","","clone","","","public static","1"
"com/mozilla/pig/eval/date/ConvertDateFormat$ERRORS.valueOf:(Ljava/lang/String;)Lcom/mozilla/pig/eval/date/ConvertDateFormat$ERRORS;","1","1","1","1","0","8","8","24.0","2.0","48.0","0.008","0","1","0","4","4","String","","valueOf","","","public static","1"
"com/mozilla/pig/eval/date/ConvertDateFormat$ERRORS.<init>:(Ljava/lang/String;I)V","1","2","0","0","0","9","8","27.0","2.0","54.0","0.009","0","0","0","5","4","","","<init>","","","private","1"
"com/mozilla/pig/eval/date/ConvertDateFormat$ERRORS.<clinit>:()V","1","0","0","0","0","20","15","78.13781191217038","5.0","390.6890595608519","0.026045937304056792","0","2","0","13","7","","<init>","","","","static","1"
"com/mozilla/pig/eval/date/ConvertDateFormat.<init>:(Ljava/lang/String;Ljava/lang/String;)V","1","2","2","2","0","27","14","102.7985828955553","3.0","308.3957486866659","0.03426619429851843","0","2","0","15","12","String","","<init>","","","public","4"
"com/mozilla/pig/eval/date/ConvertDateFormat.exec:(Lorg/apache/pig/data/Tuple;)Ljava/lang/String;","2","1","4","4","0","55","28","264.4045207131682","6.0","1586.4271242790091","0.08813484023772274","0","1","0","31","24","Date String Tuple ParseException","","warn size get format parse","IOException","","public","9"
"com/mozilla/pig/eval/date/ConvertDateFormat.exec:(Lorg/apache/pig/data/Tuple;)Ljava/lang/Object;","1","1","0","0","0","7","6","18.094737505048094","1.0","18.094737505048094","0.006031579168349364","0","0","0","4","3","","exec","","IOException","","public volatile","1"
"com/mozilla/pig/eval/date/FormatDate.<init>:(Ljava/lang/String;)V","1","1","1","1","0","22","15","85.95159310338741","3.0","257.85477931016226","0.02865053103446247","0","1","0","12","10","String","","getInstance <init>","","","public","4"
"com/mozilla/pig/eval/date/FormatDate.exec:(Lorg/apache/pig/data/Tuple;)Ljava/lang/String;","3","1","1","1","0","44","22","196.21499122004107","5.0","981.0749561002053","0.06540499707334703","0","1","0","26","18","Tuple","","size setTimeInMillis getTime get format longValue","IOException","","public","4"
"com/mozilla/pig/eval/date/FormatDate.exec:(Lorg/apache/pig/data/Tuple;)Ljava/lang/Object;","1","1","0","0","0","7","6","18.094737505048094","1.0","18.094737505048094","0.006031579168349364","0","0","0","4","3","","exec","","IOException","","public volatile","1"
"com/mozilla/pig/eval/date/ParseDate$ERRORS.values:()[Lcom/mozilla/pig/eval/date/ParseDate$ERRORS;","1","0","0","0","0","7","7","19.651484454403228","2.0","39.302968908806456","0.00655049481813441","0","1","0","4","3","","","clone","","","public static","1"
"com/mozilla/pig/eval/date/ParseDate$ERRORS.valueOf:(Ljava/lang/String;)Lcom/mozilla/pig/eval/date/ParseDate$ERRORS;","1","1","1","1","0","8","8","24.0","2.0","48.0","0.008","0","1","0","4","4","String","","valueOf","","","public static","1"
"com/mozilla/pig/eval/date/ParseDate$ERRORS.<init>:(Ljava/lang/String;I)V","1","2","0","0","0","9","8","27.0","2.0","54.0","0.009","0","0","0","5","4","","","<init>","","","private","1"
"com/mozilla/pig/eval/date/ParseDate$ERRORS.<clinit>:()V","1","0","0","0","0","20","15","78.13781191217038","5.0","390.6890595608519","0.026045937304056792","0","2","0","13","7","","<init>","","","","static","1"
"com/mozilla/pig/eval/date/ParseDate.<init>:(Ljava/lang/String;)V","1","1","1","1","0","16","12","57.359400011538504","3.0","172.07820003461552","0.01911980000384617","0","1","0","9","7","String","","<init>","","","public","3"
"com/mozilla/pig/eval/date/ParseDate.exec:(Lorg/apache/pig/data/Tuple;)Ljava/lang/Long;","2","1","4","4","0","53","29","257.47299274176135","7.0","1802.3109491923294","0.08582433091392044","0","1","0","30","23","Date Long Tuple ParseException","","warn size getTime valueOf get parse","IOException","","public","9"
"com/mozilla/pig/eval/date/ParseDate.exec:(Lorg/apache/pig/data/Tuple;)Ljava/lang/Object;","1","1","0","0","0","7","6","18.094737505048094","1.0","18.094737505048094","0.006031579168349364","0","0","0","4","3","","exec","","IOException","","public volatile","1"
"com/mozilla/pig/eval/date/TimeDelta$ERRORS.values:()[Lcom/mozilla/pig/eval/date/TimeDelta$ERRORS;","1","0","0","0","0","7","7","19.651484454403228","2.0","39.302968908806456","0.00655049481813441","0","1","0","4","3","","","clone","","","public static","1"
"com/mozilla/pig/eval/date/TimeDelta$ERRORS.valueOf:(Ljava/lang/String;)Lcom/mozilla/pig/eval/date/TimeDelta$ERRORS;","1","1","1","1","0","8","8","24.0","2.0","48.0","0.008","0","1","0","4","4","String","","valueOf","","","public static","1"
"com/mozilla/pig/eval/date/TimeDelta$ERRORS.<init>:(Ljava/lang/String;I)V","1","2","0","0","0","9","8","27.0","2.0","54.0","0.009","0","0","0","5","4","","","<init>","","","private","1"
"com/mozilla/pig/eval/date/TimeDelta$ERRORS.<clinit>:()V","1","0","0","0","0","20","15","78.13781191217038","5.0","390.6890595608519","0.026045937304056792","0","2","0","13","7","","<init>","","","","static","1"
"com/mozilla/pig/eval/date/TimeDelta.<init>:()V","1","0","0","0","0","16","11","55.350905898196764","3.0","166.05271769459029","0.018450301966065587","0","0","0","9","7","","","<init>","","","public","4"
"com/mozilla/pig/eval/date/TimeDelta.<init>:(Ljava/lang/String;)V","1","1","1","1","0","8","7","22.458839376460833","2.0","44.91767875292167","0.007486279792153611","0","0","0","5","3","String","<init>","","ParseException","","public","2"
"com/mozilla/pig/eval/date/TimeDelta.<init>:(Ljava/lang/String;Ljava/lang/String;)V","2","2","2","2","0","37","20","159.91133951083242","5.0","799.5566975541622","0.05330377983694414","0","1","0","21","16","String","","parseInt <init>","ParseException","","public","7"
"com/mozilla/pig/eval/date/TimeDelta.exec:(Lorg/apache/pig/data/Tuple;)Ljava/lang/Long;","5","1","7","4","0","131","43","710.8406828659748","20.0","14216.813657319497","0.23694689428865828","0","4","0","74","57","Date Tuple ParseException","","warn size getTime valueOf get parse getTimeDelta longValue","IOException","","public","16"
"com/mozilla/pig/eval/date/TimeDelta.exec:(Lorg/apache/pig/data/Tuple;)Ljava/lang/Object;","1","1","0","0","0","7","6","18.094737505048094","1.0","18.094737505048094","0.006031579168349364","0","0","0","4","3","","exec","","IOException","","public volatile","1"
"com/mozilla/pig/eval/Example$Sub.<init>:()V","1","0","0","0","0","5","5","11.60964047443681","1.0","11.60964047443681","0.0038698801581456034","0","0","0","3","2","","","<init>","","","public","1"
"com/mozilla/pig/eval/Example$Sub.exec:(Lorg/apache/pig/data/Tuple;)Lorg/apache/pig/data/Tuple;","1","1","1","1","0","5","5","11.60964047443681","1.0","11.60964047443681","0.0038698801581456034","0","0","0","3","2","Tuple","","access$000","IOException","","public","1"
"com/mozilla/pig/eval/Example$Sub.exec:(Lorg/apache/pig/data/Tuple;)Ljava/lang/Object;","1","1","0","0","0","7","6","18.094737505048094","1.0","18.094737505048094","0.006031579168349364","0","0","0","4","3","","exec","","IOException","","public volatile","1"
"com/mozilla/pig/eval/Example.<init>:()V","1","0","0","0","0","5","5","11.60964047443681","1.0","11.60964047443681","0.0038698801581456034","0","0","0","3","2","","","<init>","","","public","1"
"com/mozilla/pig/eval/Example.realexec:(Lorg/apache/pig/data/Tuple;)Lorg/apache/pig/data/Tuple;","2","1","4","4","0","37","20","159.91133951083242","5.0","799.5566975541622","0.05330377983694414","0","2","1","22","15","DataBag Tuple Iterator","","next iterator get hasNext","IOException","","private static","8"
"com/mozilla/pig/eval/Example.exec:(Lorg/apache/pig/data/Tuple;)Lorg/apache/pig/data/Tuple;","1","1","1","1","0","5","5","11.60964047443681","1.0","11.60964047443681","0.0038698801581456034","0","0","0","3","2","Tuple","realexec","","IOException","","public","1"
"com/mozilla/pig/eval/Example.outputSchema:(Lorg/apache/pig/impl/logicalLayer/schema/Schema;)Lorg/apache/pig/impl/logicalLayer/schema/Schema;","0","1","3","3","0","62","32","310.0","7.0","2170.0","0.10333333333333333","0","1","0","36","26","Schema Schema$FieldSchema Exception","","getClass size getField getSimpleName toString <init> error append","","","public","9"
"com/mozilla/pig/eval/Example.getInitial:()Ljava/lang/String;","1","0","0","0","0","4","4","8.0","1.0","8.0","0.0026666666666666666","0","0","0","2","2","","","getName","","","public","1"
"com/mozilla/pig/eval/Example.getIntermed:()Ljava/lang/String;","1","0","0","0","0","4","4","8.0","1.0","8.0","0.0026666666666666666","0","0","0","2","2","","","getName","","","public","1"
"com/mozilla/pig/eval/Example.getFinal:()Ljava/lang/String;","1","0","0","0","0","4","4","8.0","1.0","8.0","0.0026666666666666666","0","0","0","2","2","","","getName","","","public","1"
"com/mozilla/pig/eval/Example.exec:(Lorg/apache/pig/data/Tuple;)Ljava/lang/Object;","1","1","0","0","0","7","6","18.094737505048094","1.0","18.094737505048094","0.006031579168349364","0","0","0","4","3","","exec","","IOException","","public volatile","1"
"com/mozilla/pig/eval/Example.access$000:(Lorg/apache/pig/data/Tuple;)Lorg/apache/pig/data/Tuple;","1","1","1","1","0","5","5","11.60964047443681","1.0","11.60964047443681","0.0038698801581456034","0","0","0","3","2","Tuple","realexec","","IOException","","static","1"
"com/mozilla/pig/eval/geoip/GeoIpLookup.<init>:(Ljava/lang/String;)V","1","1","1","1","0","30","17","122.6238852375102","4.0","490.4955409500408","0.040874628412503396","0","1","0","16","14","String","","getInstance <init>","IOException","","public","5"
"com/mozilla/pig/eval/geoip/GeoIpLookup.getCacheFiles:()Ljava/util/List;","1","0","1","1","0","38","22","169.4584015082173","5.0","847.2920075410865","0.05648613383607243","0","2","0","21","17","List","","add toString <init> append","","","public","3"
"com/mozilla/pig/eval/geoip/GeoIpLookup.exec:(Lorg/apache/pig/data/Tuple;)Lorg/apache/pig/data/Tuple;","7","1","4","4","0","138","41","739.3421766372956","18.0","13308.15917947132","0.24644739221243184","0","1","0","79","59","String Location Tuple","","getLocation set size newTuple valueOf get","IOException","","public","14"
"com/mozilla/pig/eval/geoip/GeoIpLookup.exec:(Lorg/apache/pig/data/Tuple;)Ljava/lang/Object;","1","1","0","0","0","7","6","18.094737505048094","1.0","18.094737505048094","0.006031579168349364","0","0","0","4","3","","exec","","IOException","","public volatile","1"
"com/mozilla/pig/eval/json/JsonMap$1.<init>:(Lcom/mozilla/pig/eval/json/JsonMap;)V","1","1","1","1","0","11","8","33.0","2.0","66.0","0.011","0","0","0","6","5","JsonMap","","<init>","","","","1"
"com/mozilla/pig/eval/json/JsonMap$ERRORS.values:()[Lcom/mozilla/pig/eval/json/JsonMap$ERRORS;","1","0","0","0","0","7","7","19.651484454403228","2.0","39.302968908806456","0.00655049481813441","0","1","0","4","3","","","clone","","","public static","1"
"com/mozilla/pig/eval/json/JsonMap$ERRORS.valueOf:(Ljava/lang/String;)Lcom/mozilla/pig/eval/json/JsonMap$ERRORS;","1","1","1","1","0","8","8","24.0","2.0","48.0","0.008","0","1","0","4","4","String","","valueOf","","","public static","1"
"com/mozilla/pig/eval/json/JsonMap$ERRORS.<init>:(Ljava/lang/String;I)V","1","2","0","0","0","9","8","27.0","2.0","54.0","0.009","0","0","0","5","4","","","<init>","","","private","1"
"com/mozilla/pig/eval/json/JsonMap$ERRORS.<clinit>:()V","1","0","0","0","0","62","24","284.2676750447117","12.0","3411.2121005365407","0.09475589168157057","0","5","0","40","22","","<init>","","","","static","2"
"com/mozilla/pig/eval/json/JsonMap.<init>:()V","1","0","0","0","0","14","11","48.43204266092217","3.0","145.2961279827665","0.016144014220307392","0","1","0","8","6","","","<init>","","","public","2"
"com/mozilla/pig/eval/json/JsonMap.convertListToBag:(Ljava/util/List;)Lorg/apache/pig/data/DataBag;","4","1","4","4","0","68","31","336.88534910630756","6.0","2021.3120946378453","0.11229511636876918","0","2","1","37","31","Object List DataBag Tuple","convertListToBag","next add newDefaultBag iterator size newTuple addAll hasNext append","","","private","10"
"com/mozilla/pig/eval/json/JsonMap.makeSafe:(Ljava/util/Map;)Ljava/util/Map;","6","1","5","5","0","107","35","548.8332828131114","14.0","7683.665959383559","0.18294442760437046","0","6","1","60","47","Map$Entry Object DataBag Map","makeSafe convertListToBag","next getValue getKey iterator entrySet hasNext <init> put","","","protected","11"
"com/mozilla/pig/eval/json/JsonMap.exec:(Lorg/apache/pig/data/Tuple;)Ljava/util/Map;","1","1","6","6","0","112","43","607.741652526635","8.0","4861.93322021308","0.20258055084221166","0","5","0","61","51","EOFException JsonParseException Exception Map Tuple JsonMappingException","warn makeSafe","readValue size get getMessage toString <init> append","IOException","JsonMappingException JsonParseException ","public","16"
"com/mozilla/pig/eval/json/JsonMap.exec:(Lorg/apache/pig/data/Tuple;)Ljava/lang/Object;","1","1","0","0","0","7","6","18.094737505048094","1.0","18.094737505048094","0.006031579168349364","0","0","0","4","3","","exec","","IOException","","public volatile","1"
"com/mozilla/pig/eval/json/JsonMap.<clinit>:()V","1","0","0","0","0","9","7","25.26619429851844","1.0","25.26619429851844","0.008422064766172813","0","0","0","5","4","","","getInstance","","","static","2"
"com/mozilla/pig/eval/json/JsonTupleMap.<init>:()V","1","0","0","0","0","5","5","11.60964047443681","1.0","11.60964047443681","0.0038698801581456034","0","0","0","3","2","","","<init>","","","public","1"
"com/mozilla/pig/eval/json/JsonTupleMap.convertListToTuple:(Ljava/util/List;)Lorg/apache/pig/data/Tuple;","3","1","3","3","0","51","24","233.833087536779","5.0","1169.165437683895","0.07794436251225967","0","2","1","28","23","Object List Tuple","convertListToTuple","next iterator newTuple hasNext append","","","private","7"
"com/mozilla/pig/eval/json/JsonTupleMap.makeSafe:(Ljava/util/Map;)Ljava/util/Map;","6","1","5","5","0","105","35","538.5747167792215","14.0","7540.046034909101","0.17952490559307382","0","6","1","59","46","Map$Entry Object Tuple Map","makeSafe convertListToTuple","next getValue getKey iterator entrySet hasNext <init> put","","","protected","11"
"com/mozilla/pig/eval/json/MapToJson.<init>:()V","1","0","0","0","0","14","11","48.43204266092217","3.0","145.2961279827665","0.016144014220307392","0","1","0","8","6","","","<init>","","","public","2"
"com/mozilla/pig/eval/json/MapToJson.exec:(Lorg/apache/pig/data/Tuple;)Ljava/lang/String;","1","1","4","4","0","57","27","271.0285876233177","6.0","1626.1715257399064","0.0903428625411059","0","1","0","32","25","String Tuple JsonParseException JsonMappingException","","warn size get writeValueAsString","IOException","","public","10"
"com/mozilla/pig/eval/json/MapToJson.exec:(Lorg/apache/pig/data/Tuple;)Ljava/lang/Object;","1","1","0","0","0","7","6","18.094737505048094","1.0","18.094737505048094","0.006031579168349364","0","0","0","4","3","","exec","","IOException","","public volatile","1"
"com/mozilla/pig/eval/regex/EncodeChromeUrl.<init>:()V","1","0","0","0","0","5","5","11.60964047443681","1.0","11.60964047443681","0.0038698801581456034","0","0","0","3","2","","","<init>","","","public","1"
"com/mozilla/pig/eval/regex/EncodeChromeUrl.exec:(Lorg/apache/pig/data/Tuple;)Ljava/lang/String;","2","1","2","2","0","29","20","125.33591475173351","5.0","626.6795737586675","0.041778638250577836","0","1","0","17","12","Tuple Matcher","","size get matcher replaceAll","IOException","","public","4"
"com/mozilla/pig/eval/regex/EncodeChromeUrl.exec:(Lorg/apache/pig/data/Tuple;)Ljava/lang/Object;","1","1","0","0","0","7","6","18.094737505048094","1.0","18.094737505048094","0.006031579168349364","0","0","0","4","3","","exec","","IOException","","public volatile","1"
"com/mozilla/pig/eval/regex/EncodeChromeUrl.<clinit>:()V","1","0","0","0","0","6","6","15.509775004326936","1.0","15.509775004326936","0.005169925001442312","0","0","0","3","3","","","compile","","","static","1"
"com/mozilla/pig/eval/regex/Find.<init>:(Ljava/lang/String;)V","1","1","1","1","0","14","11","48.43204266092217","3.0","145.2961279827665","0.016144014220307392","0","0","0","8","6","String","","compile <init>","","","public","3"
"com/mozilla/pig/eval/regex/Find.exec:(Lorg/apache/pig/data/Tuple;)Ljava/lang/String;","4","1","2","2","0","43","23","194.51316411045156","6.0","1167.0789846627094","0.06483772137015052","0","1","0","27","16","Tuple Matcher","","size find get matcher group","IOException","","public","4"
"com/mozilla/pig/eval/regex/Find.exec:(Lorg/apache/pig/data/Tuple;)Ljava/lang/Object;","1","1","0","0","0","7","6","18.094737505048094","1.0","18.094737505048094","0.006031579168349364","0","0","0","4","3","","exec","","IOException","","public volatile","1"
"com/mozilla/pig/eval/regex/FindAll.<init>:(Ljava/lang/String;)V","1","1","1","1","0","13","10","43.18506523353572","2.0","86.37013046707143","0.014395021744511906","0","0","0","7","6","String","","compile <init>","","","public","3"
"com/mozilla/pig/eval/regex/FindAll.exec:(Lorg/apache/pig/data/Tuple;)Lorg/apache/pig/data/Tuple;","3","1","3","3","0","63","28","302.86336008962905","7.0","2120.0435206274033","0.10095445336320968","0","1","1","37","26","Tuple Matcher","","size newTuple find get matcher append group","IOException","","public","10"
"com/mozilla/pig/eval/regex/FindAll.exec:(Lorg/apache/pig/data/Tuple;)Ljava/lang/Object;","1","1","0","0","0","7","6","18.094737505048094","1.0","18.094737505048094","0.006031579168349364","0","0","0","4","3","","exec","","IOException","","public volatile","1"
"com/mozilla/pig/eval/regex/FindAll.<clinit>:()V","1","0","0","0","0","5","5","11.60964047443681","1.0","11.60964047443681","0.0038698801581456034","0","0","0","3","2","","","getInstance","","","static","1"
"com/mozilla/pig/eval/regex/FindOrReturn.<init>:(Ljava/lang/String;)V","1","1","1","1","0","13","10","43.18506523353572","2.0","86.37013046707143","0.014395021744511906","0","0","0","7","6","String","","compile <init>","","","public","3"
"com/mozilla/pig/eval/regex/FindOrReturn.exec:(Lorg/apache/pig/data/Tuple;)Ljava/lang/String;","4","1","3","3","0","48","24","220.07820003461552","6.0","1320.4692002076931","0.07335940001153851","0","1","0","29","19","String Tuple Matcher","","size find get matcher group","IOException","","public","5"
"com/mozilla/pig/eval/regex/FindOrReturn.exec:(Lorg/apache/pig/data/Tuple;)Ljava/lang/Object;","1","1","0","0","0","7","6","18.094737505048094","1.0","18.094737505048094","0.006031579168349364","0","0","0","4","3","","exec","","IOException","","public volatile","1"
"com/mozilla/pig/eval/Size.<init>:()V","1","0","0","0","0","5","5","11.60964047443681","1.0","11.60964047443681","0.0038698801581456034","0","0","0","3","2","","","<init>","","","public","1"
"com/mozilla/pig/eval/Size.exec:(Lorg/apache/pig/data/Tuple;)Ljava/lang/Long;","6","1","3","2","0","85","30","417.0857006267241","16.0","6673.371210027585","0.1390285668755747","0","8","0","51","34","Object Tuple","","size valueOf get length","IOException","","public","14"
"com/mozilla/pig/eval/Size.exec:(Lorg/apache/pig/data/Tuple;)Ljava/lang/Object;","1","1","0","0","0","7","6","18.094737505048094","1.0","18.094737505048094","0.006031579168349364","0","0","0","4","3","","exec","","IOException","","public volatile","1"
"com/mozilla/pig/eval/Substring$ERRORS.values:()[Lcom/mozilla/pig/eval/Substring$ERRORS;","1","0","0","0","0","7","7","19.651484454403228","2.0","39.302968908806456","0.00655049481813441","0","1","0","4","3","","","clone","","","public static","1"
"com/mozilla/pig/eval/Substring$ERRORS.valueOf:(Ljava/lang/String;)Lcom/mozilla/pig/eval/Substring$ERRORS;","1","1","1","1","0","8","8","24.0","2.0","48.0","0.008","0","1","0","4","4","String","","valueOf","","","public static","1"
"com/mozilla/pig/eval/Substring$ERRORS.<init>:(Ljava/lang/String;I)V","1","2","0","0","0","9","8","27.0","2.0","54.0","0.009","0","0","0","5","4","","","<init>","","","private","1"
"com/mozilla/pig/eval/Substring$ERRORS.<clinit>:()V","1","0","0","0","0","34","18","141.7774500490386","5.0","708.8872502451931","0.0472591500163462","0","3","0","22","12","","<init>","","","","static","1"
"com/mozilla/pig/eval/Substring.<init>:()V","1","0","0","0","0","5","5","11.60964047443681","1.0","11.60964047443681","0.0038698801581456034","0","0","0","3","2","","","<init>","","","public","1"
"com/mozilla/pig/eval/Substring.exec:(Lorg/apache/pig/data/Tuple;)Ljava/lang/String;","1","1","5","5","0","105","37","546.9926033910398","16.0","8751.881654256636","0.18233086779701327","0","3","0","60","45","String StringIndexOutOfBoundsException Integer Tuple","warn","min size intValue get length toString substring","IOException","StringIndexOutOfBoundsException","public","15"
"com/mozilla/pig/eval/Substring.exec:(Lorg/apache/pig/data/Tuple;)Ljava/lang/Object;","1","1","0","0","0","7","6","18.094737505048094","1.0","18.094737505048094","0.006031579168349364","0","0","0","4","3","","exec","","IOException","","public volatile","1"
"com/mozilla/pig/filter/date/DateInRange$ERRORS.values:()[Lcom/mozilla/pig/filter/date/DateInRange$ERRORS;","1","0","0","0","0","7","7","19.651484454403228","2.0","39.302968908806456","0.00655049481813441","0","1","0","4","3","","","clone","","","public static","1"
"com/mozilla/pig/filter/date/DateInRange$ERRORS.valueOf:(Ljava/lang/String;)Lcom/mozilla/pig/filter/date/DateInRange$ERRORS;","1","1","1","1","0","8","8","24.0","2.0","48.0","0.008","0","1","0","4","4","String","","valueOf","","","public static","1"
"com/mozilla/pig/filter/date/DateInRange$ERRORS.<init>:(Ljava/lang/String;I)V","1","2","0","0","0","9","8","27.0","2.0","54.0","0.009","0","0","0","5","4","","","<init>","","","private","1"
"com/mozilla/pig/filter/date/DateInRange$ERRORS.<clinit>:()V","1","0","0","0","0","20","15","78.13781191217038","5.0","390.6890595608519","0.026045937304056792","0","2","0","13","7","","<init>","","","","static","1"
"com/mozilla/pig/filter/date/DateInRange.<init>:(Ljava/lang/String;Ljava/lang/String;Ljava/lang/String;)V","1","3","6","6","0","72","29","349.77463164918527","5.0","1748.8731582459263","0.11659154388306175","0","2","0","39","33","Date String SimpleDateFormat","","getTime parse <init> getEndTimeAtResolution getTimeAtResolution","ParseException","","public","10"
"com/mozilla/pig/filter/date/DateInRange.exec:(Lorg/apache/pig/data/Tuple;)Ljava/lang/Boolean;","4","1","5","3","0","92","48","513.8165500663464","12.0","6165.798600796157","0.1712721833554488","0","2","0","54","38","Date Tuple ParseException","","warn size valueOf getTime get getMessage toString parse <init> append","IOException","ParseException","public","10"
"com/mozilla/pig/filter/date/DateInRange.exec:(Lorg/apache/pig/data/Tuple;)Ljava/lang/Object;","1","1","0","0","0","7","6","18.094737505048094","1.0","18.094737505048094","0.006031579168349364","0","0","0","4","3","","exec","","IOException","","public volatile","1"
"com/mozilla/pig/filter/map/ContainsKey.<init>:()V","1","0","0","0","0","5","5","11.60964047443681","1.0","11.60964047443681","0.0038698801581456034","0","0","0","3","2","","","<init>","","","public","1"
"com/mozilla/pig/filter/map/ContainsKey.exec:(Lorg/apache/pig/data/Tuple;)Ljava/lang/Boolean;","2","1","3","3","0","38","19","161.42124551085624","5.0","807.1062275542812","0.05380708183695208","0","1","0","23","15","Object Tuple Map","","size valueOf containsKey get","IOException","","public","5"
"com/mozilla/pig/filter/map/ContainsKey.exec:(Lorg/apache/pig/data/Tuple;)Ljava/lang/Object;","1","1","0","0","0","7","6","18.094737505048094","1.0","18.094737505048094","0.006031579168349364","0","0","0","4","3","","exec","","IOException","","public volatile","1"
"com/mozilla/pig/filter/map/IsMap.<init>:()V","1","0","0","0","0","5","5","11.60964047443681","1.0","11.60964047443681","0.0038698801581456034","0","0","0","3","2","","","<init>","","","public","1"
"com/mozilla/pig/filter/map/IsMap.exec:(Lorg/apache/pig/data/Tuple;)Ljava/lang/Boolean;","2","1","1","1","0","22","13","81.40967379910403","4.0","325.6386951964161","0.027136557933034676","0","1","0","14","8","Tuple","","size valueOf get","IOException","","public","3"
"com/mozilla/pig/filter/map/IsMap.exec:(Lorg/apache/pig/data/Tuple;)Ljava/lang/Object;","1","1","0","0","0","7","6","18.094737505048094","1.0","18.094737505048094","0.006031579168349364","0","0","0","4","3","","exec","","IOException","","public volatile","1"
"com/mozilla/pig/filter/map/RegexContainsKey.<init>:()V","1","0","0","0","0","5","5","11.60964047443681","1.0","11.60964047443681","0.0038698801581456034","0","0","0","3","2","","","<init>","","","public","1"
"com/mozilla/pig/filter/map/RegexContainsKey.exec:(Lorg/apache/pig/data/Tuple;)Ljava/lang/Boolean;","4","1","6","5","0","80","35","410.3426413555973","8.0","3282.7411308447786","0.13678088045186576","0","3","1","47","33","String Tuple Map Pattern","","next iterator size compile valueOf find get hasNext matcher keySet","IOException","","public","12"
"com/mozilla/pig/filter/map/RegexContainsKey.exec:(Lorg/apache/pig/data/Tuple;)Ljava/lang/Object;","1","1","0","0","0","7","6","18.094737505048094","1.0","18.094737505048094","0.006031579168349364","0","0","0","4","3","","exec","","IOException","","public volatile","1"
"com/mozilla/pig/filter/tuple/Contains.<init>:()V","1","0","0","0","0","5","5","11.60964047443681","1.0","11.60964047443681","0.0038698801581456034","0","0","0","3","2","","","<init>","","","public","1"
"com/mozilla/pig/filter/tuple/Contains.exec:(Lorg/apache/pig/data/Tuple;)Ljava/lang/Boolean;","5","1","6","4","0","73","28","350.93690931020507","16.0","5614.990548963281","0.11697896977006836","0","1","1","44","29","Object Tuple","","size valueOf get equals","IOException","","public","12"
"com/mozilla/pig/filter/tuple/Contains.exec:(Lorg/apache/pig/data/Tuple;)Ljava/lang/Object;","1","1","0","0","0","7","6","18.094737505048094","1.0","18.094737505048094","0.006031579168349364","0","0","0","4","3","","exec","","IOException","","public volatile","1"
"com/mozilla/pig/load/CustomRegExLoader.<init>:()V","1","0","0","0","0","12","10","39.863137138648355","2.0","79.72627427729671","0.013287712379549451","0","0","0","6","6","","","compile <init>","","","public","3"
"com/mozilla/pig/load/CustomRegExLoader.<init>:(Ljava/lang/String;)V","1","1","1","1","0","13","10","43.18506523353572","2.0","86.37013046707143","0.014395021744511906","0","0","0","7","6","String","","compile <init>","","","public","3"
"com/mozilla/pig/load/CustomRegExLoader.getPattern:()Ljava/util/regex/Pattern;","1","0","0","0","0","5","5","11.60964047443681","1.0","11.60964047443681","0.0038698801581456034","0","0","0","3","2","","","","","","public","1"
"com/mozilla/pig/load/DateRangeLoader$1.<init>:(Lcom/mozilla/pig/load/DateRangeLoader;Ljava/lang/String;Ljava/util/List;)V","1","3","1","1","0","23","12","82.4541375165866","2.0","164.9082750331732","0.027484712505528867","0","0","0","12","11","DateRangeLoader","","<init>","","","","1"
"com/mozilla/pig/load/DateRangeLoader$1.see:(J)V","1","1","3","2","0","59","34","300.16030763377006","6.0","1800.9618458026202","0.10005343587792336","0","2","0","30","29","String","","add access$100 access$000 format replace toString <init> append info","","","public","5"
"com/mozilla/pig/load/DateRangeLoader.<init>:(Ljava/lang/String;Ljava/lang/String;Ljava/lang/String;)V","1","3","3","3","0","60","29","291.47885970765435","6.0","1748.873158245926","0.09715961990255145","0","1","0","32","28","String","","getInstance parse <init> setTime","","","public","10"
"com/mozilla/pig/load/DateRangeLoader.<init>:(Ljava/lang/String;Ljava/lang/String;)V","1","2","2","2","0","10","8","30.0","1.0","30.0","0.01","0","0","0","5","5","String","<init>","","","","public","2"
"com/mozilla/pig/load/DateRangeLoader.getInputFormat:()Lorg/apache/hadoop/mapreduce/InputFormat;","1","0","0","0","0","6","6","15.509775004326936","2.0","31.019550008653873","0.005169925001442312","0","1","0","4","2","","","<init>","IOException","","public","1"
"com/mozilla/pig/load/DateRangeLoader.setLocation:(Ljava/lang/String;Lorg/apache/hadoop/mapreduce/Job;)V","1","2","4","4","0","53","32","265.0","6.0","1590.0","0.08833333333333333","0","4","0","28","25","Job String List","","iterateByDay setInputPaths getTimeInMillis toArray join <init>","IOException","","public","5"
"com/mozilla/pig/load/DateRangeLoader.prepareToRead:(Lorg/apache/hadoop/mapreduce/RecordReader;Lorg/apache/pig/backend/hadoop/executionengine/mapReduceLayer/PigSplit;)V","1","2","2","2","0","9","8","27.0","2.0","54.0","0.009","0","1","0","5","4","RecordReader PigSplit","","","IOException","","public","2"
"com/mozilla/pig/load/DateRangeLoader.getNext:()Lorg/apache/pig/data/Tuple;","3","0","3","3","0","43","22","191.75555960140377","5.0","958.7777980070189","0.0639185198671346","0","0","1","24","19","String Text Tuple","","nextKeyValue newTuple getCurrentValue toString getInstance append","IOException","","public","9"
"com/mozilla/pig/load/DateRangeLoader.access$000:(Lcom/mozilla/pig/load/DateRangeLoader;)Ljava/text/SimpleDateFormat;","1","1","1","1","0","5","5","11.60964047443681","1.0","11.60964047443681","0.0038698801581456034","0","0","0","3","2","DateRangeLoader","","","","","static","1"
"com/mozilla/pig/load/DateRangeLoader.access$100:()Lorg/apache/commons/logging/Log;","1","0","0","0","0","3","3","4.754887502163469","1.0","4.754887502163469","0.0015849625007211565","0","0","0","2","1","","","","","","static","1"
"com/mozilla/pig/load/DateRangeLoader.<clinit>:()V","1","0","0","0","0","14","13","51.80615605397529","3.0","155.4184681619259","0.01726871868465843","0","1","0","7","7","","","getLog <init>","","","static","2"
"com/mozilla/pig/load/HBaseMultiScanLoader.<init>:(Ljava/lang/String;Ljava/lang/String;Ljava/lang/String;Ljava/lang/String;)V","1","4","4","4","0","16","12","57.359400011538504","2.0","114.71880002307701","0.01911980000384617","0","0","0","8","8","String","<init>","","","","public","2"
"com/mozilla/pig/load/HBaseMultiScanLoader.<init>:(Ljava/lang/String;Ljava/lang/String;Ljava/lang/String;Ljava/lang/String;Ljava/lang/String;)V","1","5","5","5","0","17","12","60.94436251225966","2.0","121.88872502451932","0.020314787504086555","0","0","0","9","8","String","<init>","","","","public","2"
"com/mozilla/pig/load/HBaseMultiScanLoader.<init>:(Ljava/lang/String;Ljava/lang/String;Ljava/lang/String;Ljava/lang/String;ILjava/lang/String;)V","5","6","14","11","0","217","70","1330.0544146770578","24.0","31921.305952249386","0.4433514715590193","0","6","1","121","96","String SimpleDateFormat String[] Calendar ParseException","","add debug parseBoolean generateHexPrefixScans parse <init> error generateBytePrefixScans split toString isDebugEnabled getInstance append setTime","","","public","25"
"com/mozilla/pig/load/HBaseMultiScanLoader.getNext:()Lorg/apache/pig/data/Tuple;","2","0","7","6","0","137","55","792.0462807528784","11.0","8712.509088281662","0.26401542691762614","0","8","1","76","61","Result byte[] ImmutableBytesWritable Pair Tuple InterruptedException","","next set getCurrentKey hasNext <init> getBytes getValue iterator size nextKeyValue newTuple getCurrentValue getFirst get getSecond getInstance","IOException","IOException","public","17"
"com/mozilla/pig/load/HBaseMultiScanLoader.getInputFormat:()Lorg/apache/hadoop/mapreduce/InputFormat;","1","0","1","1","0","18","14","68.53238859703687","4.0","274.1295543881475","0.022844129532345624","0","1","0","10","8","MultiScanTableInputFormat","","<init> setConf","","","public","3"
"com/mozilla/pig/load/HBaseMultiScanLoader.prepareToRead:(Lorg/apache/hadoop/mapreduce/RecordReader;Lorg/apache/pig/backend/hadoop/executionengine/mapReduceLayer/PigSplit;)V","1","2","2","2","0","7","6","18.094737505048094","1.0","18.094737505048094","0.006031579168349364","0","0","0","4","3","RecordReader PigSplit","","","","","public","2"
"com/mozilla/pig/load/HBaseMultiScanLoader.setLocation:(Ljava/lang/String;Lorg/apache/hadoop/mapreduce/Job;)V","2","2","2","2","0","75","30","368.0167946706389","12.0","4416.201536047667","0.12267226489021296","0","0","0","38","37","Job String","","convertScanArrayToString getConfiguration set addHbaseResources get substring setBoolean startsWith","IOException","","public","10"
"com/mozilla/pig/load/HBaseMultiScanLoader.relativeToAbsolutePath:(Ljava/lang/String;Lorg/apache/hadoop/fs/Path;)Ljava/lang/String;","1","2","2","2","0","3","3","4.754887502163469","1.0","4.754887502163469","0.0015849625007211565","0","0","0","2","1","String Path","","","IOException","","public","1"
"com/mozilla/pig/load/HBaseMultiScanLoader.<clinit>:()V","1","0","0","0","0","6","6","15.509775004326936","1.0","15.509775004326936","0.005169925001442312","0","0","0","3","3","","","getLog","","","static","1"
"com/mozilla/pig/load/RegExLoader.<init>:()V","1","0","0","0","0","10","8","30.0","2.0","60.0","0.01","0","0","0","6","4","","","<init>","","","public","2"
"com/mozilla/pig/load/RegExLoader.getPattern:()Ljava/util/regex/Pattern;","2","0","0","0","0","2","2","2.0","0.0","0.0","6.666666666666666E-4","0","0","0","1","1","","","","","","public abstract","1"
"com/mozilla/pig/load/RegExLoader.getNext:()Lorg/apache/pig/data/Tuple;","9","0","6","4","0","147","58","861.1232062837531","12.0","10333.478475405038","0.287041068761251","0","2","2","84","63","String Text Matcher Tuple","getPattern","debug length matcher <init> substring groupCount nextKeyValue newTuple getCurrentValue find toString getInstance isDebugEnabled charAt append group","IOException","","public","19"
"com/mozilla/pig/load/RegExLoader.getInputFormat:()Lorg/apache/hadoop/mapreduce/InputFormat;","1","0","0","0","0","6","6","15.509775004326936","2.0","31.019550008653873","0.005169925001442312","0","1","0","4","2","","","<init>","IOException","","public","1"
"com/mozilla/pig/load/RegExLoader.prepareToRead:(Lorg/apache/hadoop/mapreduce/RecordReader;Lorg/apache/pig/backend/hadoop/executionengine/mapReduceLayer/PigSplit;)V","1","2","2","2","0","9","8","27.0","2.0","54.0","0.009","0","1","0","5","4","RecordReader PigSplit","","","IOException","","public","2"
"com/mozilla/pig/load/RegExLoader.setLocation:(Ljava/lang/String;Lorg/apache/hadoop/mapreduce/Job;)V","1","2","2","2","0","7","6","18.094737505048094","1.0","18.094737505048094","0.006031579168349364","0","0","0","4","3","Job String","","setInputPaths","IOException","","public","2"
"com/mozilla/pig/load/RegExLoader.<clinit>:()V","1","0","0","0","0","6","6","15.509775004326936","1.0","15.509775004326936","0.005169925001442312","0","0","0","3","3","","","getLog","","","static","1"
"com/mozilla/pig/load/SnippetDateLoader$1.<init>:(Lcom/mozilla/pig/load/SnippetDateLoader;Ljava/lang/String;Ljava/util/List;)V","1","3","1","1","0","23","12","82.4541375165866","2.0","164.9082750331732","0.027484712505528867","0","0","0","12","11","SnippetDateLoader","","<init>","","","","1"
"com/mozilla/pig/load/SnippetDateLoader$1.see:(J)V","1","1","3","2","0","59","34","300.16030763377006","6.0","1800.9618458026202","0.10005343587792336","0","2","0","30","29","String","","add access$100 access$000 format replace toString <init> append info","","","public","5"
"com/mozilla/pig/load/SnippetDateLoader.<init>:(Ljava/lang/String;Ljava/lang/String;)V","1","2","2","2","0","51","23","230.70165975890765","5.0","1153.5082987945382","0.07690055325296921","0","0","0","26","25","String","","getInstance parse <init> setTime","","","public","9"
"com/mozilla/pig/load/SnippetDateLoader.setLocation:(Ljava/lang/String;Lorg/apache/hadoop/mapreduce/Job;)V","1","2","4","4","0","53","32","265.0","6.0","1590.0","0.08833333333333333","0","4","0","28","25","Job String List","","iterateByDay setInputPaths getTimeInMillis toArray join <init>","IOException","","public","5"
"com/mozilla/pig/load/SnippetDateLoader.access$000:(Lcom/mozilla/pig/load/SnippetDateLoader;)Ljava/text/SimpleDateFormat;","1","1","1","1","0","5","5","11.60964047443681","1.0","11.60964047443681","0.0038698801581456034","0","0","0","3","2","SnippetDateLoader","","","","","static","1"
"com/mozilla/pig/load/SnippetDateLoader.access$100:()Lorg/apache/commons/logging/Log;","1","0","0","0","0","3","3","4.754887502163469","1.0","4.754887502163469","0.0015849625007211565","0","0","0","2","1","","","","","","static","1"
"com/mozilla/pig/load/SnippetDateLoader.<clinit>:()V","1","0","0","0","0","14","13","51.80615605397529","3.0","155.4184681619259","0.01726871868465843","0","1","0","7","7","","","getLog <init>","","","static","2"
"com/mozilla/pig/load/WeblogsLoader.<init>:()V","1","0","0","0","0","16","11","55.350905898196764","3.0","166.05271769459029","0.018450301966065587","0","0","0","9","7","","buildPattern","compile <init>","","","public","3"
"com/mozilla/pig/load/WeblogsLoader.<init>:(Ljava/lang/String;)V","1","1","1","1","0","19","12","68.11428751370197","2.0","136.22857502740393","0.022704762504567322","0","0","0","10","9","String","buildPattern","compile parseBoolean <init>","","","public","3"
"com/mozilla/pig/load/WeblogsLoader.buildPattern:(Z)Ljava/lang/String;","2","1","2","1","0","118","26","554.6518867406489","15.0","8319.778301109734","0.18488396224688297","0","1","0","55","63","StringBuilder","","toString <init> append","","","private","15"
"com/mozilla/pig/load/WeblogsLoader.getPattern:()Ljava/util/regex/Pattern;","1","0","0","0","0","5","5","11.60964047443681","1.0","11.60964047443681","0.0038698801581456034","0","0","0","3","2","","","","","","public","1"
"com/mozilla/pig/storage/SeqFileMultiStorage$Compression.values:()[Lcom/mozilla/pig/storage/SeqFileMultiStorage$Compression;","1","0","0","0","0","7","7","19.651484454403228","2.0","39.302968908806456","0.00655049481813441","0","1","0","4","3","","","clone","","","public static","1"
"com/mozilla/pig/storage/SeqFileMultiStorage$Compression.valueOf:(Ljava/lang/String;)Lcom/mozilla/pig/storage/SeqFileMultiStorage$Compression;","1","1","1","1","0","8","8","24.0","2.0","48.0","0.008","0","1","0","4","4","String","","valueOf","","","public static","1"
"com/mozilla/pig/storage/SeqFileMultiStorage$Compression.<init>:(Ljava/lang/String;I)V","1","2","0","0","0","9","8","27.0","2.0","54.0","0.009","0","0","0","5","4","","","<init>","","","private","1"
"com/mozilla/pig/storage/SeqFileMultiStorage$Compression.<clinit>:()V","1","0","0","0","0","62","24","284.2676750447117","12.0","3411.2121005365407","0.09475589168157057","0","5","0","40","22","","<init>","","","","static","2"
"com/mozilla/pig/storage/SeqFileMultiStorage$MultiStorageSequenceOutputFormat$1.<init>:(Lcom/mozilla/pig/storage/SeqFileMultiStorage$MultiStorageSequenceOutputFormat;Lorg/apache/hadoop/mapreduce/TaskAttemptContext;)V","1","2","1","1","0","26","15","101.57915548582149","3.0","304.73746645746445","0.033859718495273826","0","1","0","14","12","SeqFileMultiStorage$MultiStorageSequenceOutputFormat","","<init>","","","","2"
"com/mozilla/pig/storage/SeqFileMultiStorage$MultiStorageSequenceOutputFormat$1.write:(Ljava/lang/String;Lorg/apache/pig/data/Tuple;)V","1","2","2","2","0","31","16","124.0","4.0","496.0","0.04133333333333333","0","0","0","17","14","String Tuple","getStore","inferWritable get append","IOException","","public","4"
"com/mozilla/pig/storage/SeqFileMultiStorage$MultiStorageSequenceOutputFormat$1.close:(Lorg/apache/hadoop/mapreduce/TaskAttemptContext;)V","2","1","2","2","0","29","19","123.18989788986397","4.0","492.7595915594559","0.04106329929662132","0","1","1","16","13","SequenceFile$Writer TaskAttemptContext","","next iterator values hasNext close","IOException","","public","4"
"com/mozilla/pig/storage/SeqFileMultiStorage$MultiStorageSequenceOutputFormat$1.getStore:(Ljava/lang/String;)Lorg/apache/hadoop/io/SequenceFile$Writer;","2","1","2","2","0","49","20","211.77447664948076","8.0","1694.195813195846","0.07059149221649359","0","1","0","26","23","SequenceFile$Writer String","createSequenceWriter","get getOutputKeyClass put getOutputValueClass","IOException","","private","5"
"com/mozilla/pig/storage/SeqFileMultiStorage$MultiStorageSequenceOutputFormat$1.createSequenceWriter:(Ljava/lang/String;Ljava/lang/Class;Ljava/lang/Class;)Lorg/apache/hadoop/io/SequenceFile$Writer;","3","3","18","16","0","210","78","1319.9344659610722","11.0","14519.279125571795","0.4399781553203574","0","5","0","108","102","String FSDataOutputStream FileSystem TaskID Path CompressionCodec NumberFormat Configuration Class SequenceFile$CompressionType","","getTaskID setGroupingUsed getOutputCommitter getCompressOutput getWorkPath format newInstance getTaskAttemptID getFileSystem <init> getInt setMinimumIntegerDigits createWriter getConfiguration getOutputCompressorClass create getBoolean toString getInstance getOutputCompressionType getDefaultExtension append","IOException","","private","23"
"com/mozilla/pig/storage/SeqFileMultiStorage$MultiStorageSequenceOutputFormat$1.write:(Ljava/lang/Object;Ljava/lang/Object;)V","1","2","0","0","0","13","10","43.18506523353572","2.0","86.37013046707143","0.014395021744511906","0","2","0","7","6","","write","","IOException InterruptedException","","public volatile","1"
"com/mozilla/pig/storage/SeqFileMultiStorage$MultiStorageSequenceOutputFormat.<init>:()V","1","0","0","0","0","5","5","11.60964047443681","1.0","11.60964047443681","0.0038698801581456034","0","0","0","3","2","","","<init>","","","public","1"
"com/mozilla/pig/storage/SeqFileMultiStorage$MultiStorageSequenceOutputFormat.getRecordWriter:(Lorg/apache/hadoop/mapreduce/TaskAttemptContext;)Lorg/apache/hadoop/mapreduce/RecordWriter;","1","1","2","2","0","14","11","48.43204266092217","3.0","145.2961279827665","0.016144014220307392","0","1","0","8","6","TaskAttemptContext","","<init>","IOException InterruptedException","","public","2"
"com/mozilla/pig/storage/SeqFileMultiStorage$MultiStorageSequenceOutputFormat.inferWritable:(Ljava/lang/Object;)Ljava/lang/Object;","1","1","1","1","0","133","54","765.4000377877414","6.0","4592.400226726449","0.25513334592924714","0","17","0","80","53","Object","","getClass intValue findType get floatValue toString booleanValue doubleValue <init> longValue append byteValue","BackendException","BackendException","protected","10"
"com/mozilla/pig/storage/SeqFileMultiStorage.<init>:(Ljava/lang/String;Ljava/lang/String;Ljava/lang/String;Ljava/lang/String;)V","1","4","4","4","0","45","22","200.67442283867837","4.0","802.6976913547135","0.06689147427955945","0","1","0","24","21","String","","parseInt forName <init>","ClassNotFoundException","","public","7"
"com/mozilla/pig/storage/SeqFileMultiStorage.getOutputFormat:()Lorg/apache/hadoop/mapreduce/OutputFormat;","1","0","0","0","0","6","6","15.509775004326936","2.0","31.019550008653873","0.005169925001442312","0","1","0","4","2","","","<init>","IOException","","public","1"
"com/mozilla/pig/storage/SeqFileMultiStorage.setStoreLocation:(Ljava/lang/String;Lorg/apache/hadoop/mapreduce/Job;)V","2","2","4","4","0","66","32","330.0","5.0","1650.0","0.11","0","1","0","33","33","Job String Configuration","","getConfiguration asSubclass get equals setCompressOutput setOutputCompressorClass setOutputKeyClass <init> setOutputPath resolveClassName","IOException","","public","11"
"com/mozilla/pig/storage/SeqFileMultiStorage.prepareToWrite:(Lorg/apache/hadoop/mapreduce/RecordWriter;)V","1","1","1","1","0","7","6","18.094737505048094","1.0","18.094737505048094","0.006031579168349364","0","0","0","4","3","RecordWriter","","","IOException","","public","2"
"com/mozilla/pig/storage/SeqFileMultiStorage.putNext:(Lorg/apache/pig/data/Tuple;)V","0","1","4","4","0","86","30","421.99259122233263","12.0","5063.911094667992","0.14066419707411087","0","4","0","48","38","Object ExecException Tuple InterruptedException","","size get toString <init> write append","IOException","IOException","public","13"
"com/mozilla/util/DateIterator.see:(J)V","2","1","0","0","0","2","2","2.0","0.0","0.0","6.666666666666666E-4","0","0","0","1","1","","","","","","public abstract","1"
"com/mozilla/util/DateUtil.<init>:()V","1","0","0","0","0","5","5","11.60964047443681","1.0","11.60964047443681","0.0038698801581456034","0","0","0","3","2","","","<init>","","","public","1"
"com/mozilla/util/DateUtil.getTimeAtResolution:(JI)J","5","2","3","1","0","56","23","253.31946953919274","6.0","1519.9168172351565","0.08443982317973091","0","0","0","36","20","Calendar","","set setTimeInMillis getTimeInMillis getInstance","","","public static","8"
"com/mozilla/util/DateUtil.getEndTimeAtResolution:(JI)J","5","2","3","1","0","60","26","282.02638308846554","6.0","1692.1582985307932","0.09400879436282185","0","0","0","36","24","Calendar","","set setTimeInMillis getTimeInMillis getInstance","","","public static","8"
"com/mozilla/util/DateUtil.getTimeDelta:(JJI)J","3","3","4","0","0","50","21","219.61587113893805","14.0","3074.6221959451327","0.07320529037964602","0","0","0","34","16","","","round","","","public static","8"
"com/mozilla/util/DateUtil.iterateByTime:(JJIILcom/mozilla/util/DateIterator;)V","2","5","7","3","0","45","23","203.5602880225656","5.0","1017.801440112828","0.0678534293408552","0","0","1","24","21","Calendar DateIterator","","add see setTimeInMillis getTimeInMillis getInstance after","","","public static","8"
"com/mozilla/util/DateUtil.iterateByDay:(JJLcom/mozilla/util/DateIterator;)V","1","3","3","1","0","11","10","36.541209043760986","3.0","109.62362713128296","0.012180403014586996","0","0","0","7","4","DateIterator","iterateByTime","","","","public static","2"
"com/mozilla/util/DateUtil.<clinit>:()V","1","0","0","0","0","10","8","30.0","2.0","60.0","0.01","0","0","0","5","5","","","","","","static","2"
"com/mozilla/util/Pair.<init>:()V","1","0","0","0","0","5","5","11.60964047443681","1.0","11.60964047443681","0.0038698801581456034","0","0","0","3","2","","","<init>","","","public","2"
"com/mozilla/util/Pair.<init>:(Ljava/lang/Comparable;Ljava/lang/Object;)V","1","2","2","2","0","17","10","56.472777613085164","2.0","112.94555522617033","0.01882425920436172","0","0","0","9","8","Object Comparable","","<init>","","","public","4"
"com/mozilla/util/Pair.getFirst:()Ljava/lang/Comparable;","1","0","0","0","0","5","5","11.60964047443681","1.0","11.60964047443681","0.0038698801581456034","0","0","0","3","2","","","","","","public","1"
"com/mozilla/util/Pair.setFirst:(Ljava/lang/Comparable;)V","1","1","1","1","0","7","6","18.094737505048094","1.0","18.094737505048094","0.006031579168349364","0","0","0","4","3","Comparable","","","","","public","2"
"com/mozilla/util/Pair.getSecond:()Ljava/lang/Object;","1","0","0","0","0","5","5","11.60964047443681","1.0","11.60964047443681","0.0038698801581456034","0","0","0","3","2","","","","","","public","1"
"com/mozilla/util/Pair.setSecond:(Ljava/lang/Object;)V","1","1","1","1","0","7","6","18.094737505048094","1.0","18.094737505048094","0.006031579168349364","0","0","0","4","3","Object","","","","","public","2"
"com/mozilla/util/Pair.compareTo:(Lcom/mozilla/util/Pair;)I","2","1","3","1","0","47","28","225.94568133670737","8.0","1807.565450693659","0.07531522711223579","0","1","0","29","18","Pair","getFirst equals","compareTo <init>","","","public","6"
"com/mozilla/util/Pair.equals:(Ljava/lang/Object;)Z","1","1","2","2","0","17","11","58.81033751683406","2.0","117.62067503366812","0.019603445838944685","0","1","0","9","8","Object Pair","getFirst","equals","","","public","2"
"com/mozilla/util/Pair.toString:()Ljava/lang/String;","1","0","0","0","0","29","16","116.0","3.0","348.0","0.03866666666666667","0","1","0","14","15","","getFirst getSecond","toString <init> append","","","public","1"
"com/mozilla/util/Pair.compareTo:(Ljava/lang/Object;)I","1","1","0","0","0","9","8","27.0","2.0","54.0","0.009","0","1","0","5","4","","compareTo","","","","public volatile","1"
"com/mozilla/util/Pair.<clinit>:()V","2","0","0","0","0","10","10","33.219280948873624","3.0","99.65784284662087","0.01107309364962454","0","0","0","7","3","","","desiredAssertionStatus","","","static","1"
"com/mozilla/util/StringUtil.<init>:()V","1","0","0","0","0","5","5","11.60964047443681","1.0","11.60964047443681","0.0038698801581456034","0","0","0","3","2","","","<init>","","","public","1"
"com/mozilla/util/StringUtil.isBlank:(Ljava/lang/String;)Z","4","1","1","1","0","19","12","68.11428751370197","8.0","544.9143001096157","0.022704762504567322","0","0","0","13","6","String","","trim length","","","public static","1"
"com/mozilla/util/StringUtil.join:(Ljava/lang/String;[Ljava/lang/String;)Ljava/lang/String;","2","2","4","3","0","57","29","276.90491672227165","20.0","5538.098334445433","0.09230163890742388","0","1","1","36","21","String StringBuilder String[]","","toString <init> append","","","public static","10"
"com/mozilla/util/TextUtil.<init>:()V","1","0","0","0","0","5","5","11.60964047443681","1.0","11.60964047443681","0.0038698801581456034","0","0","0","3","2","","","<init>","","","public","1"
"com/mozilla/util/TextUtil.normalize:(Ljava/lang/String;Z)Ljava/lang/String;","2","2","3","2","0","43","18","179.30677506201943","8.0","1434.4542004961554","0.059768925020673144","0","0","0","22","21","String","","trim toLowerCase matcher replaceAll","","","public static","4"
"com/mozilla/util/TextUtil.tokenize:(Ljava/lang/String;)[Ljava/lang/String;","1","1","1","1","0","7","7","19.651484454403228","2.0","39.302968908806456","0.00655049481813441","0","0","0","4","3","String","","split","","","public static","1"
"com/mozilla/util/TextUtil.<clinit>:()V","1","0","0","0","0","11","8","33.0","1.0","33.0","0.011","0","0","0","5","6","","","compile","","","static","2"
"com/mozilla/pig/eval/BucketTest.<init>:()V","1","0","0","0","0","11","9","34.86917501586544","2.0","69.73835003173087","0.011623058338621813","0","0","0","6","5","","","getInstance <init>","","","public","2"
"com/mozilla/pig/eval/BucketTest.testConstructor:()V","1","0","2","1","0","24","18","100.07820003461549","6.0","600.4692002076929","0.0333594000115385","0","2","0","15","9","IllegalArgumentException","","assertTrue <init>","IOException","","public","7"
"com/mozilla/pig/eval/BucketTest.testExec2:()V","1","0","2","2","0","117","41","626.8335845403158","20.0","12536.671690806315","0.20894452818010525","0","2","0","69","48","Tuple Bucket","","set newTuple valueOf intValue assertEquals <init> exec","IOException","","public","11"
"com/mozilla/pig/eval/date/ConvertDateFormatTest.<init>:()V","1","0","0","0","0","22","16","88.0","3.0","264.0","0.029333333333333333","0","1","0","11","11","","","getInstance <init>","","","public","3"
"com/mozilla/pig/eval/date/ConvertDateFormatTest.testExec1:()V","1","0","1","1","0","14","12","50.18947501009619","3.0","150.56842503028855","0.016729825003365395","0","0","0","8","6","String","","assertNull exec","IOException","","public","3"
"com/mozilla/pig/eval/date/ConvertDateFormatTest.testExec2:()V","1","0","2","2","0","23","14","87.56916320732489","3.0","262.7074896219747","0.029189721069108297","0","0","0","12","11","String Tuple","","assertNull newTuple exec","IOException","","public","4"
"com/mozilla/pig/eval/date/ConvertDateFormatTest.testExec3:()V","1","0","5","5","0","65","36","336.0451250937503","6.0","2016.2707505625017","0.11201504169791676","0","1","0","33","32","String SimpleDateFormat Calendar Tuple","","set newTuple getTime assertNotNull format assertEquals getInstance <init> append exec","IOException","","public","10"
"com/mozilla/pig/eval/date/FormatDateTest.<init>:()V","1","0","0","0","0","11","9","34.86917501586544","2.0","69.73835003173087","0.011623058338621813","0","0","0","6","5","","","getInstance <init>","","","public","2"
"com/mozilla/pig/eval/date/FormatDateTest.testExec1:()V","1","0","2","2","0","20","16","80.0","4.0","320.0","0.02666666666666667","0","1","0","11","9","String FormatDate","","assertNull <init> exec","IOException","","public","4"
"com/mozilla/pig/eval/date/FormatDateTest.testExec2:()V","1","0","3","3","0","29","20","125.33591475173351","4.0","501.34365900693405","0.041778638250577836","0","1","0","15","14","String Tuple FormatDate","","assertNull newTuple <init> exec","IOException","","public","5"
"com/mozilla/pig/eval/date/FormatDateTest.testExec3:()V","1","0","4","4","0","57","34","289.9853819512694","6.0","1739.9122917076165","0.09666179398375646","0","1","0","29","28","String Calendar Tuple FormatDate","","set newTuple valueOf assertNotNull getTimeInMillis assertEquals getInstance <init> append exec","IOException","","public","9"
"com/mozilla/pig/eval/date/ParseDateTest.<init>:()V","1","0","0","0","0","21","15","82.0447025077789","3.0","246.1341075233367","0.02734823416925963","0","1","0","11","10","","","getInstance <init>","","","public","3"
"com/mozilla/pig/eval/date/ParseDateTest.testExec1:()V","1","0","1","1","0","14","12","50.18947501009619","3.0","150.56842503028855","0.016729825003365395","0","0","0","8","6","Long","","assertNull exec","IOException","","public","3"
"com/mozilla/pig/eval/date/ParseDateTest.testExec2:()V","1","0","2","2","0","23","14","87.56916320732489","3.0","262.7074896219747","0.029189721069108297","0","0","0","12","11","Long Tuple","","assertNull newTuple exec","IOException","","public","4"
"com/mozilla/pig/eval/date/ParseDateTest.testExec3:()V","1","0","5","4","0","61","33","307.70804128086564","6.0","1846.2482476851937","0.10256934709362188","0","1","0","31","30","SimpleDateFormat Long Calendar Tuple","","newTuple getTime assertNotNull getTimeInMillis format assertEquals getInstance <init> append exec longValue","IOException","","public","9"
"com/mozilla/pig/eval/date/TimeDeltaTest.<init>:()V","1","0","0","0","0","11","9","34.86917501586544","2.0","69.73835003173087","0.011623058338621813","0","0","0","6","5","","","getInstance <init>","","","public","2"
"com/mozilla/pig/eval/date/TimeDeltaTest.testExec1:()V","1","0","2","2","0","21","17","85.83671966625714","4.0","343.34687866502856","0.02861223988875238","0","1","0","11","10","Long TimeDelta","","assertNull <init> exec","IOException ParseException","","public","4"
"com/mozilla/pig/eval/date/TimeDeltaTest.testExec2:()V","1","0","7","7","0","219","49","1229.6214558612305","24.0","29510.914940669532","0.40987381862041017","0","2","0","112","107","Date SimpleDateFormat Long Calendar Tuple TimeDelta","","add set newTuple getTime format assertEquals getInstance parse <init> exec longValue","IOException ParseException","","public","27"
"com/mozilla/pig/eval/ExampleTest.<init>:()V","1","0","0","0","0","5","5","11.60964047443681","1.0","11.60964047443681","0.0038698801581456034","0","0","0","3","2","","","<init>","","","public","1"
"com/mozilla/pig/eval/ExampleTest.testConstructor:()V","1","0","1","1","0","8","8","24.0","2.0","48.0","0.008","0","1","0","5","3","Example","","<init>","IOException","","public","2"
"com/mozilla/pig/eval/json/JsonMapTest.<init>:()V","1","0","0","0","0","20","14","76.14709844115208","3.0","228.44129532345625","0.025382366147050694","0","1","0","11","9","","","getInstance <init>","","","public","3"
"com/mozilla/pig/eval/json/JsonMapTest.readFile:(Ljava/lang/String;)Ljava/lang/String;","3","1","4","4","0","74","30","363.1099040750304","6.0","2178.659424450182","0.12103663469167679","0","4","1","44","30","String StringBuilder BufferedReader","","toString <init> readLine close append","IOException","","private","11"
"com/mozilla/pig/eval/json/JsonMapTest.testExec1:()V","1","0","2","2","0","39","22","173.9178331268546","3.0","521.7534993805638","0.05797261104228486","0","0","0","18","21","Tuple Map","","newTuple assertTrue containsKey get assertEquals append exec","IOException","","public","6"
"com/mozilla/pig/eval/json/JsonMapTest.testExec2:()V","1","0","3","3","0","58","34","295.07284479251973","5.0","1475.3642239625988","0.09835761493083992","0","2","0","28","30","Tuple Map","readFile","getProperty newTuple assertTrue containsKey get toString <init> append exec","IOException","","public","6"
"com/mozilla/pig/eval/json/JsonTupleMapTest.<init>:()V","1","0","0","0","0","20","14","76.14709844115208","3.0","228.44129532345625","0.025382366147050694","0","1","0","11","9","","","getInstance <init>","","","public","3"
"com/mozilla/pig/eval/json/JsonTupleMapTest.testExecNestedTuple:()V","3","0","8","6","0","174","50","982.0309770208021","18.0","17676.557586374438","0.327343659006934","0","4","2","90","84","Tuple Map","getTestTuple","println size newTuple get toString assertEquals <init> append exec","IOException","","public","18"
"com/mozilla/pig/eval/json/JsonTupleMapTest.getTestTuple:()Lorg/apache/pig/data/Tuple;","1","0","8","8","0","141","22","628.7798582278589","25.0","15719.496455696471","0.20959328607595296","0","0","0","75","66","Tuple TupleFactory","","newTuple valueOf getInstance append","","","public","23"
"com/mozilla/pig/eval/json/MapToJsonTest.<init>:()V","1","0","0","0","0","20","14","76.14709844115208","3.0","228.44129532345625","0.025382366147050694","0","1","0","11","9","","","getInstance <init>","","","public","3"
"com/mozilla/pig/eval/json/MapToJsonTest.testExec1:()V","1","0","3","3","0","48","28","230.75303625876498","5.0","1153.765181293825","0.07691767875292166","0","1","0","24","24","String Tuple Map","","newTuple assertNotNull assertEquals <init> put append exec","IOException","","public","8"
"com/mozilla/pig/eval/json/MapToJsonTest.testExec2:()V","1","0","3","3","0","58","35","297.4984149828081","8.0","2379.9873198624646","0.0991661383276027","0","2","0","32","26","String Tuple Map","","newTuple assertNotNull assertEquals <init> put append exec","IOException","","public","8"
"com/mozilla/pig/eval/json/MapToJsonTest.testExec3:()V","1","0","3","3","0","48","28","230.75303625876498","5.0","1153.765181293825","0.07691767875292166","0","1","0","24","24","String Tuple Map","","newTuple assertNotNull assertEquals <init> put append exec","IOException","","public","8"
"com/mozilla/pig/eval/json/MapToJsonTest.testExec4:()V","1","0","3","3","0","50","29","242.89904975637864","6.0","1457.3942985382719","0.08096634991879288","0","1","0","26","24","String Tuple Map","","newTuple valueOf assertNotNull assertEquals <init> put append exec","IOException","","public","8"
"com/mozilla/pig/eval/regex/EncodeChromeUrlTest.<init>:()V","1","0","0","0","0","20","14","76.14709844115208","3.0","228.44129532345625","0.025382366147050694","0","1","0","11","9","","","getInstance <init>","","","public","3"
"com/mozilla/pig/eval/regex/EncodeChromeUrlTest.testExec1:()V","1","0","1","1","0","14","12","50.18947501009619","3.0","150.56842503028855","0.016729825003365395","0","0","0","8","6","String","","assertNull exec","IOException","","public","3"
"com/mozilla/pig/eval/regex/EncodeChromeUrlTest.testExec2:()V","1","0","2","2","0","23","14","87.56916320732489","3.0","262.7074896219747","0.029189721069108297","0","0","0","12","11","String Tuple","","assertNull newTuple exec","IOException","","public","4"
"com/mozilla/pig/eval/regex/EncodeChromeUrlTest.testExec3:()V","1","0","4","4","0","41","21","180.0850143339292","3.0","540.2550430017876","0.06002833811130973","0","0","0","20","21","String Tuple","","encode newTuple assertEquals append exec","IOException","","public","7"
"com/mozilla/pig/filter/tuple/ContainsTest.<init>:()V","1","0","0","0","0","11","9","34.86917501586544","2.0","69.73835003173087","0.011623058338621813","0","0","0","6","5","","","getInstance <init>","","","public","2"
"com/mozilla/pig/filter/tuple/ContainsTest.testExec1:()V","1","0","4","3","0","75","31","371.5647232790157","16.0","5945.035572464251","0.12385490775967191","0","1","0","42","33","Tuple Contains","","set newTuple assertTrue valueOf booleanValue <init> append exec","IOException","","public","11"
"com/mozilla/util/DateUtilTest$1.<init>:(Lcom/mozilla/util/DateUtilTest;Ljava/util/List;)V","1","2","1","1","0","27","16","108.0","3.0","324.0","0.036","0","1","0","14","13","DateUtilTest","","<init>","","","","2"
"com/mozilla/util/DateUtilTest$1.see:(J)V","1","1","1","0","0","21","18","87.56842503028855","5.0","437.84212515144276","0.029189475010096184","0","1","0","12","9","","","add format <init>","","","public","2"
"com/mozilla/util/DateUtilTest$2.<init>:(Lcom/mozilla/util/DateUtilTest;Ljava/util/List;)V","1","2","1","1","0","27","16","108.0","3.0","324.0","0.036","0","1","0","14","13","DateUtilTest","","<init>","","","","2"
"com/mozilla/util/DateUtilTest$2.see:(J)V","1","1","1","0","0","21","18","87.56842503028855","5.0","437.84212515144276","0.029189475010096184","0","1","0","12","9","","","add format <init>","","","public","2"
"com/mozilla/util/DateUtilTest.<init>:()V","1","0","0","0","0","5","5","11.60964047443681","1.0","11.60964047443681","0.0038698801581456034","0","0","0","3","2","","","<init>","","","public","1"
"com/mozilla/util/DateUtilTest.testTimeAtResolution:()V","1","0","3","2","0","60","25","278.63137138648347","5.0","1393.1568569324172","0.09287712379549448","0","0","0","33","27","Calendar","","set getTimeInMillis assertEquals getInstance getTimeAtResolution","","","public","8"
"com/mozilla/util/DateUtilTest.testEndTimeAtResolution:()V","1","0","3","2","0","64","27","304.312800138462","5.0","1521.5640006923102","0.10143760004615401","0","0","0","33","31","Calendar","","set getTimeInMillis assertEquals getInstance getEndTimeAtResolution","","","public","8"
"com/mozilla/util/DateUtilTest.testTimeDelta:()V","1","0","3","2","0","73","25","339.0015018535549","10.0","3390.0150185355487","0.11300050061785163","0","0","0","38","35","Calendar","","set getTimeInMillis assertEquals getInstance getTimeDelta","","","public","10"
"com/mozilla/util/DateUtilTest.testIterateByDay:()V","2","0","5","4","0","115","52","655.5505675862256","13.0","8522.157378620934","0.2185168558620752","0","3","1","69","46","List String[] Calendar","","iterateByDay set size get getTimeInMillis assertEquals getInstance <init>","","","public","12"
"com/mozilla/util/DateUtilTest.testIterateByHour:()V","2","0","5","4","0","127","54","730.8707127747606","13.0","9501.319266071887","0.2436235709249202","0","3","1","78","49","List String[] Calendar","","set size iterateByTime get getTimeInMillis assertEquals getInstance <init>","","","public","12"
"com/mozilla/util/MultiScanTableMapReduceUtilTest.<init>:()V","1","0","0","0","0","32","18","133.437600046154","4.0","533.750400184616","0.04447920001538466","0","1","0","17","15","","","getInstance <init>","","","public","5"
"com/mozilla/util/MultiScanTableMapReduceUtilTest.setup:()V","1","0","0","0","0","15","15","58.60335893412778","4.0","234.41343573651113","0.019534452978042596","0","1","0","8","7","","","add <init>","","","public","2"
"com/mozilla/util/MultiScanTableMapReduceUtilTest.testMultiScanBytePrefix:()V","1","0","1","1","0","30","17","122.6238852375102","4.0","490.4955409500408","0.040874628412503396","0","0","0","17","13","Scan[]","","assertEquals generateBytePrefixScans","","","public","3"
"com/mozilla/util/MultiScanTableMapReduceUtilTest.testMultiScanHexPrefix:()V","1","0","1","1","0","30","17","122.6238852375102","4.0","490.4955409500408","0.040874628412503396","0","0","0","17","13","Scan[]","","generateHexPrefixScans assertEquals","","","public","3"
"com/mozilla/util/StringUtilTest.<init>:()V","1","0","0","0","0","5","5","11.60964047443681","1.0","11.60964047443681","0.0038698801581456034","0","0","0","3","2","","","<init>","","","public","1"
"com/mozilla/util/StringUtilTest.testJoin:()V","1","0","2","2","0","76","28","365.3589740763779","12.0","4384.307688916535","0.12178632469212596","0","4","0","43","33","String","","assertNull assertEquals join","","","public","9"
